{"is_source_file": true, "format": "Python", "description": "This file configures Alembic for database migrations in a Python project. It sets up migration modes, connects to the database using async SQLAlchemy, and manages migration execution logic.", "external_files": ["alembic", "app.core.config", "app.db.session", "app.models.base"], "external_methods": ["get_settings", "_build_engine"], "published": [], "classes": [], "methods": [{"name": "str _get_database_url()", "description": "Resolves and validates the DATABASE_URL from environment settings.", "scope": "", "scopeKind": ""}, {"name": "None run_migrations_offline()", "description": "Generates SQL migration scripts without connecting to the database.", "scope": "", "scopeKind": ""}, {"name": "None do_run_migrations(connection: Connection)", "description": "Executes database migrations within a provided connection.", "scope": "", "scopeKind": ""}, {"name": "None run_migrations_online()", "description": "Runs database migrations asynchronously using an AsyncEngine.", "scope": "", "scopeKind": ""}, {"name": "None run_migrations_online_entrypoint()", "description": "Entry point that invokes online migrations using asyncio.", "scope": "", "scopeKind": ""}], "calls": ["context.configure", "context.run_migrations", "async_connection.run_sync", "connectable.dispose", "asyncio.run"], "search-terms": ["alembic", "asyncpg", "migration", "Database URL", "asyncio", "Base.metadata", "env.py", "alembic environment"], "state": 2, "file_id": 29, "knowledge_revision": 61, "git_revision": "58b461bfc615f334c45b6c70acd90c6a6bc8a9bd", "ctags": [{"_type": "tag", "name": "_get_database_url", "path": "/home/kavia/workspace/code-generation/rest-api-modernized/alembic/env.py", "pattern": "/^def _get_database_url() -> str:$/", "language": "Python", "typeref": "typename:str", "kind": "function", "signature": "()"}, {"_type": "tag", "name": "config", "path": "/home/kavia/workspace/code-generation/rest-api-modernized/alembic/env.py", "pattern": "/^config = context.config$/", "language": "Python", "kind": "variable"}, {"_type": "tag", "name": "do_run_migrations", "path": "/home/kavia/workspace/code-generation/rest-api-modernized/alembic/env.py", "pattern": "/^def do_run_migrations(connection: Connection) -> None:$/", "language": "Python", "typeref": "typename:None", "kind": "function", "signature": "(connection: Connection)"}, {"_type": "tag", "name": "run_migrations_offline", "path": "/home/kavia/workspace/code-generation/rest-api-modernized/alembic/env.py", "pattern": "/^def run_migrations_offline() -> None:$/", "language": "Python", "typeref": "typename:None", "kind": "function", "signature": "()"}, {"_type": "tag", "name": "run_migrations_online", "path": "/home/kavia/workspace/code-generation/rest-api-modernized/alembic/env.py", "pattern": "/^async def run_migrations_online() -> None:$/", "language": "Python", "typeref": "typename:None", "kind": "function", "signature": "()"}, {"_type": "tag", "name": "run_migrations_online_entrypoint", "path": "/home/kavia/workspace/code-generation/rest-api-modernized/alembic/env.py", "pattern": "/^def run_migrations_online_entrypoint() -> None:$/", "language": "Python", "typeref": "typename:None", "kind": "function", "signature": "()"}, {"_type": "tag", "name": "target_metadata", "path": "/home/kavia/workspace/code-generation/rest-api-modernized/alembic/env.py", "pattern": "/^target_metadata = Base.metadata$/", "language": "Python", "kind": "variable"}], "hash": "5e861d12315a928b1820d5dd8189dc1e", "format-version": 4, "code-base-name": "rest-api-modernized", "filename": "alembic/env.py", "fields": [{"name": "config = context.config", "scope": "", "scopeKind": "", "description": "unavailable"}, {"name": "target_metadata = Base.metadata", "scope": "", "scopeKind": "", "description": "unavailable"}], "revision_history": [{"61": "58b461bfc615f334c45b6c70acd90c6a6bc8a9bd"}]}