{"is_source_file": true, "format": "Python (Alembic migration script)", "description": "This file contains an Alembic migration script that creates three database tables (projects, tasks, vulnerabilities) along with their indexes, establishing the core domain structure for project management, task tracking, and vulnerability reporting.", "external_files": ["alembic", "sqlalchemy", "sqlalchemy.dialects.postgresql"], "external_methods": ["op.create_table", "op.create_index", "op.drop_index", "op.drop_table"], "published": ["upgrade", "downgrade"], "classes": [], "methods": [{"name": "None upgrade()", "description": "Defines the steps to apply the migration, creating tables and indexes for projects, tasks, and vulnerabilities.", "scope": "", "scopeKind": ""}, {"name": "None downgrade()", "description": "Defines the steps to revert the migration, dropping the created tables and indexes.", "scope": "", "scopeKind": ""}], "calls": ["op.create_table", "op.create_index", "op.drop_index", "op.drop_table"], "search-terms": ["core domain tables", "alembic migration", "project management schema", "tasks table", "vulnerabilities table", "0002_core_domain_tables"], "state": 2, "file_id": 44, "knowledge_revision": 100, "git_revision": "ac244c573ee69c92dd8ff8571658ce97ccbd030b", "ctags": [{"_type": "tag", "name": "branch_labels", "path": "/home/kavia/workspace/code-generation/rest-api-modernized/alembic/versions/0002_core_domain_tables.py", "pattern": "/^branch_labels = None$/", "language": "Python", "kind": "variable"}, {"_type": "tag", "name": "depends_on", "path": "/home/kavia/workspace/code-generation/rest-api-modernized/alembic/versions/0002_core_domain_tables.py", "pattern": "/^depends_on = None$/", "language": "Python", "kind": "variable"}, {"_type": "tag", "name": "down_revision", "path": "/home/kavia/workspace/code-generation/rest-api-modernized/alembic/versions/0002_core_domain_tables.py", "pattern": "/^down_revision = \"0001_initial_placeholder\"$/", "language": "Python", "kind": "variable"}, {"_type": "tag", "name": "downgrade", "path": "/home/kavia/workspace/code-generation/rest-api-modernized/alembic/versions/0002_core_domain_tables.py", "pattern": "/^def downgrade() -> None:$/", "language": "Python", "typeref": "typename:None", "kind": "function", "signature": "()"}, {"_type": "tag", "name": "revision", "path": "/home/kavia/workspace/code-generation/rest-api-modernized/alembic/versions/0002_core_domain_tables.py", "pattern": "/^revision = \"0002_core_domain_tables\"$/", "language": "Python", "kind": "variable"}, {"_type": "tag", "name": "sa", "path": "/home/kavia/workspace/code-generation/rest-api-modernized/alembic/versions/0002_core_domain_tables.py", "pattern": "/^import sqlalchemy as sa$/", "language": "Python", "kind": "namespace", "nameref": "module:sqlalchemy"}, {"_type": "tag", "name": "upgrade", "path": "/home/kavia/workspace/code-generation/rest-api-modernized/alembic/versions/0002_core_domain_tables.py", "pattern": "/^def upgrade() -> None:$/", "language": "Python", "typeref": "typename:None", "kind": "function", "signature": "()"}], "hash": "359aa8f3a52b96c34874afa527410c2f", "format-version": 4, "code-base-name": "rest-api-modernized", "filename": "alembic/versions/0002_core_domain_tables.py", "fields": [{"name": "branch_labels = None", "scope": "", "scopeKind": "", "description": "unavailable"}, {"name": "depends_on = None", "scope": "", "scopeKind": "", "description": "unavailable"}, {"name": "down_revision = \"0001_initial_placeholder\"", "scope": "", "scopeKind": "", "description": "unavailable"}, {"name": "revision = \"0002_core_domain_tables\"", "scope": "", "scopeKind": "", "description": "unavailable"}], "revision_history": [{"100": "ac244c573ee69c92dd8ff8571658ce97ccbd030b"}]}