{"is_source_file": false, "format": "", "description": "", "external_files": [], "external_methods": [], "published": [], "classes": [], "methods": [], "calls": [], "search-terms": [], "state": 2, "file_id": 27, "knowledge_revision": 59, "git_revision": "58b461bfc615f334c45b6c70acd90c6a6bc8a9bd", "hash": "80634a3d3d6e813ae65f94df9d11b1d4", "format-version": 4, "code-base-name": "rest-api-modernized", "filename": "alembic.ini", "revision_history": [{"59": "58b461bfc615f334c45b6c70acd90c6a6bc8a9bd"}]}