{"is_source_file": true, "format": "Python", "description": "This is the __init__.py file for the Alembic migrations package, primarily containing a docstring that describes its purpose.", "external_files": [], "external_methods": [], "published": [], "classes": [], "methods": [], "calls": [], "search-terms": ["alembic", "migrations", "__init__.py"], "state": 2, "file_id": 28, "knowledge_revision": 60, "git_revision": "58b461bfc615f334c45b6c70acd90c6a6bc8a9bd", "ctags": [], "hash": "4cad14fefc65a1cd6fd627df9eb014da", "format-version": 4, "code-base-name": "rest-api-modernized", "filename": "alembic/__init__.py", "revision_history": [{"60": "58b461bfc615f334c45b6c70acd90c6a6bc8a9bd"}]}