{"is_source_file": true, "format": "Python", "description": "This file contains an Alembic database migration script which serves as an initial placeholder with no operations defined.", "external_files": ["alembic/op"], "external_methods": [], "published": ["revision", "down_revision", "branch_labels", "depends_on", "upgrade", "downgrade"], "classes": [], "methods": [{"name": "None upgrade()", "description": "Applies the migration; currently a no-op with no tables.", "scope": "", "scopeKind": ""}, {"name": "None downgrade()", "description": "Reverts the migration; currently a no-op.", "scope": "", "scopeKind": ""}], "calls": [], "search-terms": ["alembic", "migration", "initial", "placeholder", "revision", "upgrade", "downgrade"], "state": 2, "file_id": 30, "knowledge_revision": 62, "git_revision": "58b461bfc615f334c45b6c70acd90c6a6bc8a9bd", "ctags": [{"_type": "tag", "name": "branch_labels", "path": "/home/kavia/workspace/code-generation/rest-api-modernized/alembic/versions/0001_initial_placeholder.py", "pattern": "/^branch_labels = None$/", "language": "Python", "kind": "variable"}, {"_type": "tag", "name": "depends_on", "path": "/home/kavia/workspace/code-generation/rest-api-modernized/alembic/versions/0001_initial_placeholder.py", "pattern": "/^depends_on = None$/", "language": "Python", "kind": "variable"}, {"_type": "tag", "name": "down_revision", "path": "/home/kavia/workspace/code-generation/rest-api-modernized/alembic/versions/0001_initial_placeholder.py", "pattern": "/^down_revision = None$/", "language": "Python", "kind": "variable"}, {"_type": "tag", "name": "downgrade", "path": "/home/kavia/workspace/code-generation/rest-api-modernized/alembic/versions/0001_initial_placeholder.py", "pattern": "/^def downgrade() -> None:$/", "language": "Python", "typeref": "typename:None", "kind": "function", "signature": "()"}, {"_type": "tag", "name": "revision", "path": "/home/kavia/workspace/code-generation/rest-api-modernized/alembic/versions/0001_initial_placeholder.py", "pattern": "/^revision = \"0001_initial_placeholder\"$/", "language": "Python", "kind": "variable"}, {"_type": "tag", "name": "upgrade", "path": "/home/kavia/workspace/code-generation/rest-api-modernized/alembic/versions/0001_initial_placeholder.py", "pattern": "/^def upgrade() -> None:$/", "language": "Python", "typeref": "typename:None", "kind": "function", "signature": "()"}], "hash": "b2ed74dba3bfd5831cf262d4e0c936bc", "format-version": 4, "code-base-name": "rest-api-modernized", "filename": "alembic/versions/0001_initial_placeholder.py", "fields": [{"name": "branch_labels = None", "scope": "", "scopeKind": "", "description": "unavailable"}, {"name": "depends_on = None", "scope": "", "scopeKind": "", "description": "unavailable"}, {"name": "down_revision = None", "scope": "", "scopeKind": "", "description": "unavailable"}, {"name": "revision = \"0001_initial_placeholder\"", "scope": "", "scopeKind": "", "description": "unavailable"}], "revision_history": [{"62": "58b461bfc615f334c45b6c70acd90c6a6bc8a9bd"}]}