{"is_source_file": true, "file_id": 13, "git_revision": "4dc4d88eee8c9438c2ef9a85e8fc703d5d88f50e", "state": 3, "description": "", "external_files": [], "external_methods": [], "published": [], "classes": [], "methods": [], "calls": [], "search-terms": [], "ctags": [{"_type": "tag", "name": "COMMON_ERROR_RESPONSES", "path": "/home/kavia/workspace/code-generation/rest-api-modernized/app/common/errors.py", "pattern": "/^COMMON_ERROR_RESPONSES: Dict[int, Dict[str, Any]] = {$/", "language": "Python", "typeref": "typename:Dict[int, Dict[str, Any]]", "kind": "variable"}, {"_type": "tag", "name": "ProblemDetail", "path": "/home/kavia/workspace/code-generation/rest-api-modernized/app/common/errors.py", "pattern": "/^class ProblemDetail(BaseModel):$/", "language": "Python", "kind": "class"}, {"_type": "tag", "name": "detail", "path": "/home/kavia/workspace/code-generation/rest-api-modernized/app/common/errors.py", "pattern": "/^    detail: Optional[str] = Field(default=None, description=\"Human-readable explanation specific/", "language": "Python", "typeref": "typename:Optional[str]", "kind": "variable", "scope": "ProblemDetail", "scopeKind": "class"}, {"_type": "tag", "name": "instance", "path": "/home/kavia/workspace/code-generation/rest-api-modernized/app/common/errors.py", "pattern": "/^    instance: Optional[str] = Field(default=None, description=\"A URI reference that identifies t/", "language": "Python", "typeref": "typename:Optional[str]", "kind": "variable", "scope": "ProblemDetail", "scopeKind": "class"}, {"_type": "tag", "name": "status", "path": "/home/kavia/workspace/code-generation/rest-api-modernized/app/common/errors.py", "pattern": "/^    status: int = Field(..., description=\"HTTP status code.\")$/", "language": "Python", "typeref": "typename:int", "kind": "variable", "scope": "ProblemDetail", "scopeKind": "class"}, {"_type": "tag", "name": "title", "path": "/home/kavia/workspace/code-generation/rest-api-modernized/app/common/errors.py", "pattern": "/^    title: str = Field(..., description=\"Short, human-readable summary of the problem type.\")$/", "language": "Python", "typeref": "typename:str", "kind": "variable", "scope": "ProblemDetail", "scopeKind": "class"}, {"_type": "tag", "name": "type", "path": "/home/kavia/workspace/code-generation/rest-api-modernized/app/common/errors.py", "pattern": "/^    type: str = Field(default=\"about:blank\", description=\"A URI reference that identifies the pr/", "language": "Python", "typeref": "typename:str", "kind": "variable", "scope": "ProblemDetail", "scopeKind": "class"}], "format": "Python", "hash": "e6c1f25c1f3719ffd50e601f7066e16d", "format-version": 4, "code-base-name": "rest-api-modernized", "filename": "app/common/errors.py", "knowledge_revision": 18}