{"is_source_file": true, "format": "Python", "description": "This file contains OpenAPI metadata, including tags with their descriptions used for categorizing API endpoints in documentation.", "external_files": [], "external_methods": [], "published": ["OPENAPI_TAGS"], "classes": [], "methods": [], "calls": [], "search-terms": ["OPENAPI_TAGS", "metadata", "OpenAPI", "tags", "API documentation"], "state": 2, "file_id": 15, "knowledge_revision": 104, "git_revision": "e6384165a844054d79619f77ee0d4e438cd1d35f", "revision_history": [{"39": "4dc4d88eee8c9438c2ef9a85e8fc703d5d88f50e"}, {"65": "51e2f0274e3519ee6277de5e8d3429874852c597"}, {"77": "51e2f0274e3519ee6277de5e8d3429874852c597"}, {"104": "e6384165a844054d79619f77ee0d4e438cd1d35f"}], "ctags": [{"_type": "tag", "name": "OPENAPI_TAGS", "path": "/home/kavia/workspace/code-generation/rest-api-modernized/app/openapi/metadata.py", "pattern": "/^OPENAPI_TAGS = [$/", "language": "Python", "kind": "variable"}], "hash": "640da58c911505b7ee0dac6f756e5d98", "format-version": 4, "code-base-name": "rest-api-modernized", "filename": "app/openapi/metadata.py", "fields": [{"name": "OPENAPI_TAGS = [", "scope": "", "scopeKind": "", "description": "unavailable"}]}