{"is_source_file": true, "format": "Python", "description": "This file defines a FastAPI router with a single endpoint /info that provides service metadata, including name, version, API prefix, and current timestamp. It uses dependency injection to access application settings.", "external_files": ["app.core.config"], "external_methods": ["app.core.config.get_settings"], "published": ["router"], "classes": [], "methods": [{"name": "Dict[str,Any] service_info(settings: Settings = Depends(get_settings))", "description": "Asynchronous endpoint handler that returns service metadata as a JSON object.", "scope": "", "scopeKind": ""}], "calls": ["datetime.now", "settings.APP_NAME", "settings.APP_VERSION", "settings.API_PREFIX"], "search-terms": ["FastAPI info endpoint", "Service metadata", "API router", "depends", "get_settings"], "state": 2, "file_id": 18, "knowledge_revision": 42, "git_revision": "4dc4d88eee8c9438c2ef9a85e8fc703d5d88f50e", "ctags": [{"_type": "tag", "name": "router", "path": "/home/kavia/workspace/code-generation/rest-api-modernized/app/routers/info.py", "pattern": "/^router = APIRouter(tags=[\"Info\"])$/", "language": "Python", "kind": "variable"}, {"_type": "tag", "name": "service_info", "path": "/home/kavia/workspace/code-generation/rest-api-modernized/app/routers/info.py", "pattern": "/^async def service_info(settings: Settings = Depends(get_settings)) -> Dict[str, Any]:$/", "language": "Python", "typeref": "typename:Dict[str,Any]", "kind": "function", "signature": "(settings: Settings = Depends(get_settings))"}], "hash": "e1ce78e03fc0e2fb33c9f99165417a3b", "format-version": 4, "code-base-name": "rest-api-modernized", "filename": "app/routers/info.py", "fields": [{"name": "router = APIRouter(tags=[\"Info\"])", "scope": "", "scopeKind": "", "description": "unavailable"}], "revision_history": [{"42": "4dc4d88eee8c9438c2ef9a85e8fc703d5d88f50e"}]}