{"is_source_file": true, "format": "Python", "description": "Repository layer for core domain resources, implementing database operations for Project, Task, and Vulnerability entities using SQLAlchemy with asynchronous sessions.", "external_files": ["app/models/domain.py"], "external_methods": ["select()", "func.count()"], "published": ["ProjectRepository", "TaskRepository", "VulnerabilityRepository"], "classes": [{"name": "ProjectRepository", "description": "Handles database operations related to Project entities."}, {"name": "TaskRepository", "description": "Handles database operations related to Task entities."}, {"name": "VulnerabilityRepository", "description": "Handles database operations related to Vulnerability entities."}], "methods": [{"name": "Project create(self, *, project: Project)", "description": "Adds a new entity (project, task, vulnerability) to the database and flushes the session.", "scope": "ProjectRepository", "scopeKind": "class"}, {"name": "Optional[Project] get(self, project_id: UUID)", "description": "Retrieves a single entity by its UUID.", "scope": "ProjectRepository", "scopeKind": "class"}, {"name": "None delete(self, project: Project)", "description": "Deletes the specified entity from the database.", "scope": "ProjectRepository", "scopeKind": "class"}, {"name": "tuple[list[Project],int] list( self, *, limit: int, offset: int, q: Optional[str] = None, )", "description": "Returns a list of entities with pagination, optional filtering by related fields, search term, and total count.", "scope": "ProjectRepository", "scopeKind": "class"}, {"name": "None __init__(self, session: AsyncSession)", "scope": "VulnerabilityRepository", "scopeKind": "class", "description": "unavailable"}, {"name": "Task create(self, *, task: Task)", "scope": "TaskRepository", "scopeKind": "class", "description": "unavailable"}, {"name": "Vulnerability create(self, *, vulnerability: Vulnerability)", "scope": "VulnerabilityRepository", "scopeKind": "class", "description": "unavailable"}, {"name": "None delete(self, task: Task)", "scope": "TaskRepository", "scopeKind": "class", "description": "unavailable"}, {"name": "None delete(self, vulnerability: Vulnerability)", "scope": "VulnerabilityRepository", "scopeKind": "class", "description": "unavailable"}, {"name": "Optional[Task] get(self, task_id: UUID)", "scope": "TaskRepository", "scopeKind": "class", "description": "unavailable"}, {"name": "Optional[Vulnerability] get(self, vulnerability_id: UUID)", "scope": "VulnerabilityRepository", "scopeKind": "class", "description": "unavailable"}, {"name": "tuple[list[Task],int] list( self, *, limit: int, offset: int, project_id: Optional[UUID] = None, status: Optional[str] = None, q: Optional[str] = None, )", "scope": "TaskRepository", "scopeKind": "class", "description": "unavailable"}, {"name": "tuple[list[Vulnerability],int] list( self, *, limit: int, offset: int, project_id: Optional[UUID] = None, severity: Optional[str] = None, status: Optional[str] = None, q: Optional[str] = None, )", "scope": "VulnerabilityRepository", "scopeKind": "class", "description": "unavailable"}], "calls": ["select()", "func.count()"], "search-terms": ["Repository", "asyncio", "SQLAlchemy", "domain", "Projects", "Tasks", "Vulnerabilities", "database operations"], "state": 2, "file_id": 39, "knowledge_revision": 95, "git_revision": "ac244c573ee69c92dd8ff8571658ce97ccbd030b", "ctags": [{"_type": "tag", "name": "ProjectRepository", "path": "/home/kavia/workspace/code-generation/rest-api-modernized/app/domain/repositories.py", "pattern": "/^class ProjectRepository:$/", "language": "Python", "kind": "class"}, {"_type": "tag", "name": "TaskRepository", "path": "/home/kavia/workspace/code-generation/rest-api-modernized/app/domain/repositories.py", "pattern": "/^class TaskRepository:$/", "language": "Python", "kind": "class"}, {"_type": "tag", "name": "VulnerabilityRepository", "path": "/home/kavia/workspace/code-generation/rest-api-modernized/app/domain/repositories.py", "pattern": "/^class VulnerabilityRepository:$/", "language": "Python", "kind": "class"}, {"_type": "tag", "name": "__init__", "path": "/home/kavia/workspace/code-generation/rest-api-modernized/app/domain/repositories.py", "pattern": "/^    def __init__(self, session: AsyncSession) -> None:$/", "language": "Python", "typeref": "typename:None", "kind": "member", "signature": "(self, session: AsyncSession)", "scope": "ProjectRepository", "scopeKind": "class"}, {"_type": "tag", "name": "__init__", "path": "/home/kavia/workspace/code-generation/rest-api-modernized/app/domain/repositories.py", "pattern": "/^    def __init__(self, session: AsyncSession) -> None:$/", "language": "Python", "typeref": "typename:None", "kind": "member", "signature": "(self, session: AsyncSession)", "scope": "TaskRepository", "scopeKind": "class"}, {"_type": "tag", "name": "__init__", "path": "/home/kavia/workspace/code-generation/rest-api-modernized/app/domain/repositories.py", "pattern": "/^    def __init__(self, session: AsyncSession) -> None:$/", "language": "Python", "typeref": "typename:None", "kind": "member", "signature": "(self, session: AsyncSession)", "scope": "VulnerabilityRepository", "scopeKind": "class"}, {"_type": "tag", "name": "create", "path": "/home/kavia/workspace/code-generation/rest-api-modernized/app/domain/repositories.py", "pattern": "/^    async def create(self, *, project: Project) -> Project:$/", "language": "Python", "typeref": "typename:Project", "kind": "member", "signature": "(self, *, project: Project)", "scope": "ProjectRepository", "scopeKind": "class"}, {"_type": "tag", "name": "create", "path": "/home/kavia/workspace/code-generation/rest-api-modernized/app/domain/repositories.py", "pattern": "/^    async def create(self, *, task: Task) -> Task:$/", "language": "Python", "typeref": "typename:Task", "kind": "member", "signature": "(self, *, task: Task)", "scope": "TaskRepository", "scopeKind": "class"}, {"_type": "tag", "name": "create", "path": "/home/kavia/workspace/code-generation/rest-api-modernized/app/domain/repositories.py", "pattern": "/^    async def create(self, *, vulnerability: Vulnerability) -> Vulnerability:$/", "language": "Python", "typeref": "typename:Vulnerability", "kind": "member", "signature": "(self, *, vulnerability: Vulnerability)", "scope": "VulnerabilityRepository", "scopeKind": "class"}, {"_type": "tag", "name": "delete", "path": "/home/kavia/workspace/code-generation/rest-api-modernized/app/domain/repositories.py", "pattern": "/^    async def delete(self, project: Project) -> None:$/", "language": "Python", "typeref": "typename:None", "kind": "member", "signature": "(self, project: Project)", "scope": "ProjectRepository", "scopeKind": "class"}, {"_type": "tag", "name": "delete", "path": "/home/kavia/workspace/code-generation/rest-api-modernized/app/domain/repositories.py", "pattern": "/^    async def delete(self, task: Task) -> None:$/", "language": "Python", "typeref": "typename:None", "kind": "member", "signature": "(self, task: Task)", "scope": "TaskRepository", "scopeKind": "class"}, {"_type": "tag", "name": "delete", "path": "/home/kavia/workspace/code-generation/rest-api-modernized/app/domain/repositories.py", "pattern": "/^    async def delete(self, vulnerability: Vulnerability) -> None:$/", "language": "Python", "typeref": "typename:None", "kind": "member", "signature": "(self, vulnerability: Vulnerability)", "scope": "VulnerabilityRepository", "scopeKind": "class"}, {"_type": "tag", "name": "get", "path": "/home/kavia/workspace/code-generation/rest-api-modernized/app/domain/repositories.py", "pattern": "/^    async def get(self, project_id: UUID) -> Optional[Project]:$/", "language": "Python", "typeref": "typename:Optional[Project]", "kind": "member", "signature": "(self, project_id: UUID)", "scope": "ProjectRepository", "scopeKind": "class"}, {"_type": "tag", "name": "get", "path": "/home/kavia/workspace/code-generation/rest-api-modernized/app/domain/repositories.py", "pattern": "/^    async def get(self, task_id: UUID) -> Optional[Task]:$/", "language": "Python", "typeref": "typename:Optional[Task]", "kind": "member", "signature": "(self, task_id: UUID)", "scope": "TaskRepository", "scopeKind": "class"}, {"_type": "tag", "name": "get", "path": "/home/kavia/workspace/code-generation/rest-api-modernized/app/domain/repositories.py", "pattern": "/^    async def get(self, vulnerability_id: UUID) -> Optional[Vulnerability]:$/", "language": "Python", "typeref": "typename:Optional[Vulnerability]", "kind": "member", "signature": "(self, vulnerability_id: UUID)", "scope": "VulnerabilityRepository", "scopeKind": "class"}, {"_type": "tag", "name": "list", "path": "/home/kavia/workspace/code-generation/rest-api-modernized/app/domain/repositories.py", "pattern": "/^    async def list($/", "language": "Python", "typeref": "typename:tuple[list[Project],int]", "kind": "member", "signature": "( self, *, limit: int, offset: int, q: Optional[str] = None, )", "scope": "ProjectRepository", "scopeKind": "class"}, {"_type": "tag", "name": "list", "path": "/home/kavia/workspace/code-generation/rest-api-modernized/app/domain/repositories.py", "pattern": "/^    async def list($/", "language": "Python", "typeref": "typename:tuple[list[Task],int]", "kind": "member", "signature": "( self, *, limit: int, offset: int, project_id: Optional[UUID] = None, status: Optional[str] = None, q: Optional[str] = None, )", "scope": "TaskRepository", "scopeKind": "class"}, {"_type": "tag", "name": "list", "path": "/home/kavia/workspace/code-generation/rest-api-modernized/app/domain/repositories.py", "pattern": "/^    async def list($/", "language": "Python", "typeref": "typename:tuple[list[Vulnerability],int]", "kind": "member", "signature": "( self, *, limit: int, offset: int, project_id: Optional[UUID] = None, severity: Optional[str] = None, status: Optional[str] = None, q: Optional[str] = None, )", "scope": "VulnerabilityRepository", "scopeKind": "class"}], "hash": "64a1b23135fd83a4e5c6f18bf01c2106", "format-version": 4, "code-base-name": "rest-api-modernized", "filename": "app/domain/repositories.py", "revision_history": [{"95": "ac244c573ee69c92dd8ff8571658ce97ccbd030b"}]}