{"is_source_file": true, "format": "python", "description": "This file serves as the __init__.py for the domain layer package, likely initializing the package and possibly exposing key components.", "external_files": [], "external_methods": [], "published": [], "classes": [], "methods": [], "calls": [], "search-terms": ["domain layer", "schemas", "services", "repositories", "routers", "package initialization"], "state": 2, "file_id": 35, "knowledge_revision": 91, "git_revision": "ac244c573ee69c92dd8ff8571658ce97ccbd030b", "ctags": [], "hash": "16e083cdce044b9d21aa6dcdec94aea3", "format-version": 4, "code-base-name": "rest-api-modernized", "filename": "app/domain/__init__.py", "revision_history": [{"91": "ac244c573ee69c92dd8ff8571658ce97ccbd030b"}]}