{"is_source_file": true, "format": "Python", "description": "This file defines a FastAPI router with a health check endpoint for the application.", "external_files": ["fastapi", "typing"], "external_methods": ["fastapi.APIRouter"], "published": ["router"], "classes": [], "methods": [{"name": "Dict[str,str] health_check()", "description": "Asynchronous function handling the '/health' GET request, returning a JSON status object.", "scope": "", "scopeKind": ""}], "calls": ["fastapi.APIRouter"], "search-terms": ["health", "status endpoint", "FastAPI", "APIRouter", "health_check"], "state": 2, "file_id": 17, "knowledge_revision": 41, "git_revision": "4dc4d88eee8c9438c2ef9a85e8fc703d5d88f50e", "ctags": [{"_type": "tag", "name": "health_check", "path": "/home/kavia/workspace/code-generation/rest-api-modernized/app/routers/health.py", "pattern": "/^async def health_check() -> Dict[str, str]:$/", "language": "Python", "typeref": "typename:Dict[str,str]", "kind": "function", "signature": "()"}, {"_type": "tag", "name": "router", "path": "/home/kavia/workspace/code-generation/rest-api-modernized/app/routers/health.py", "pattern": "/^router = APIRouter(tags=[\"Health\"])$/", "language": "Python", "kind": "variable"}], "hash": "584d9ea627fb142fd1b66c7a5f40722d", "format-version": 4, "code-base-name": "rest-api-modernized", "filename": "app/routers/health.py", "fields": [{"name": "router = APIRouter(tags=[\"Health\"])", "scope": "", "scopeKind": "", "description": "unavailable"}], "revision_history": [{"41": "4dc4d88eee8c9438c2ef9a85e8fc703d5d88f50e"}]}