{"is_source_file": true, "format": "Python", "description": "This file defines REST API endpoints for managing 'projects' in a web application, including CRUD operations and listing, built with FastAPI. It includes route definitions, request/response schemas, dependency injection, and error handling.", "external_files": ["app.auth.dependencies", "app.common.errors", "app.dependencies.db", "app.domain.errors", "app.domain.schemas", "app.domain.services"], "external_methods": ["get_db_session", "require_roles", "get_current_user", "ProjectService.create", "ProjectService.list", "ProjectService.get", "ProjectService.update", "ProjectService.delete"], "published": ["router"], "classes": [], "methods": [{"name": "ProjectRead create_project( payload: ProjectCreate, db: AsyncSession = Depends(get_db_session), user: AuthenticatedUser = Depends(require_roles([\"admin\", \"realm-admin\"])), )", "scope": "", "scopeKind": "", "description": "unavailable"}, {"name": "None delete_project( project_id: UUID, db: AsyncSession = Depends(get_db_session), user: AuthenticatedUser = Depends(require_roles([\"admin\", \"realm-admin\"])), )", "scope": "", "scopeKind": "", "description": "unavailable"}, {"name": "ProjectRead get_project( project_id: UUID, db: AsyncSession = Depends(get_db_session), _user: AuthenticatedUser = Security(get_current_user), )", "scope": "", "scopeKind": "", "description": "unavailable"}, {"name": "ListResponse[ProjectRead] list_projects( limit: int = Query(default=50, ge=1, le=500, description=\"Maximum number of items to return.\"), offset: int = Query(default=0, ge=0, description=\"Number of items to skip.\"), q: Optional[str] = Query(default=None, description=\"Optional name search (case-insensitive, contains).\"), db: AsyncSession = Depends(get_db_session), _user: AuthenticatedUser = Security(get_current_user), )", "scope": "", "scopeKind": "", "description": "unavailable"}, {"name": "ProjectRead update_project( project_id: UUID, payload: ProjectUpdate, db: AsyncSession = Depends(get_db_session), user: AuthenticatedUser = Depends(require_roles([\"admin\", \"realm-admin\"])), )", "scope": "", "scopeKind": "", "description": "unavailable"}], "calls": ["ProjectService(db).create", "ProjectService(db).list", "ProjectService(db).get", "ProjectService(db).update", "ProjectService(db).delete"], "search-terms": ["projects", "CRUD endpoints", "FastAPI routes", "project management", "authorization dependencies"], "state": 2, "file_id": 41, "knowledge_revision": 97, "git_revision": "ac244c573ee69c92dd8ff8571658ce97ccbd030b", "ctags": [{"_type": "tag", "name": "create_project", "path": "/home/kavia/workspace/code-generation/rest-api-modernized/app/routers/projects.py", "pattern": "/^async def create_project($/", "language": "Python", "typeref": "typename:ProjectRead", "kind": "function", "signature": "( payload: ProjectCreate, db: AsyncSession = Depends(get_db_session), user: AuthenticatedUser = Depends(require_roles([\"admin\", \"realm-admin\"])), )"}, {"_type": "tag", "name": "delete_project", "path": "/home/kavia/workspace/code-generation/rest-api-modernized/app/routers/projects.py", "pattern": "/^async def delete_project($/", "language": "Python", "typeref": "typename:None", "kind": "function", "signature": "( project_id: UUID, db: AsyncSession = Depends(get_db_session), user: AuthenticatedUser = Depends(require_roles([\"admin\", \"realm-admin\"])), )"}, {"_type": "tag", "name": "get_project", "path": "/home/kavia/workspace/code-generation/rest-api-modernized/app/routers/projects.py", "pattern": "/^async def get_project($/", "language": "Python", "typeref": "typename:ProjectRead", "kind": "function", "signature": "( project_id: UUID, db: AsyncSession = Depends(get_db_session), _user: AuthenticatedUser = Security(get_current_user), )"}, {"_type": "tag", "name": "list_projects", "path": "/home/kavia/workspace/code-generation/rest-api-modernized/app/routers/projects.py", "pattern": "/^async def list_projects($/", "language": "Python", "typeref": "typename:ListResponse[ProjectRead]", "kind": "function", "signature": "( limit: int = Query(default=50, ge=1, le=500, description=\"Maximum number of items to return.\"), offset: int = Query(default=0, ge=0, description=\"Number of items to skip.\"), q: Optional[str] = Query(default=None, description=\"Optional name search (case-insensitive, contains).\"), db: AsyncSession = Depends(get_db_session), _user: AuthenticatedUser = Security(get_current_user), )"}, {"_type": "tag", "name": "router", "path": "/home/kavia/workspace/code-generation/rest-api-modernized/app/routers/projects.py", "pattern": "/^router = APIRouter(prefix=\"\\/projects\", tags=[\"Projects\"])$/", "language": "Python", "kind": "variable"}, {"_type": "tag", "name": "update_project", "path": "/home/kavia/workspace/code-generation/rest-api-modernized/app/routers/projects.py", "pattern": "/^async def update_project($/", "language": "Python", "typeref": "typename:ProjectRead", "kind": "function", "signature": "( project_id: UUID, payload: ProjectUpdate, db: AsyncSession = Depends(get_db_session), user: AuthenticatedUser = Depends(require_roles([\"admin\", \"realm-admin\"])), )"}], "hash": "b832c8eb9ee1eca3b4ce28bcfde70fff", "format-version": 4, "code-base-name": "rest-api-modernized", "filename": "app/routers/projects.py", "fields": [{"name": "router = APIRouter(prefix=\"\\/projects\", tags=[\"Projects\"])", "scope": "", "scopeKind": "", "description": "unavailable"}], "revision_history": [{"97": "ac244c573ee69c92dd8ff8571658ce97ccbd030b"}]}