{"is_source_file": true, "format": "Python", "description": "This file defines API endpoints using FastAPI for protected resources that require authentication and authorization. It includes two endpoints: one that returns user identity information and another protected for admin roles.", "external_files": ["app.auth.dependencies", "app.common.errors"], "external_methods": ["get_current_user", "require_roles"], "published": ["protected_example", "protected_admin_example"], "classes": [], "methods": [{"name": "Dict[str,Any] protected_example(user: AuthenticatedUser = Depends(get_current_user))", "description": "Returns basic identity information for the current authenticated user using a dependency injection of AuthenticatedUser.", "scope": "", "scopeKind": ""}, {"name": "Dict[str,Any] protected_admin_example( user: AuthenticatedUser = Depends(require_roles([\"admin\", \"realm-admin\"])), )", "description": "Returns a confirmation JSON if the user has at least one admin-related role, requiring role-based authorization.", "scope": "", "scopeKind": ""}], "calls": ["app.auth.dependencies.get_current_user", "app.auth.dependencies.require_roles"], "search-terms": ["FastAPI", "protected endpoints", "OIDC", "user authentication", "role-based authorization", "APIRouter", "protected"], "state": 2, "file_id": 34, "knowledge_revision": 73, "git_revision": "51e2f0274e3519ee6277de5e8d3429874852c597", "ctags": [{"_type": "tag", "name": "protected_admin_example", "path": "/home/kavia/workspace/code-generation/rest-api-modernized/app/routers/protected.py", "pattern": "/^async def protected_admin_example($/", "language": "Python", "typeref": "typename:Dict[str,Any]", "kind": "function", "signature": "( user: AuthenticatedUser = Depends(require_roles([\"admin\", \"realm-admin\"])), )"}, {"_type": "tag", "name": "protected_example", "path": "/home/kavia/workspace/code-generation/rest-api-modernized/app/routers/protected.py", "pattern": "/^async def protected_example(user: AuthenticatedUser = Depends(get_current_user)) -> Dict[str, An/", "language": "Python", "typeref": "typename:Dict[str,Any]", "kind": "function", "signature": "(user: AuthenticatedUser = Depends(get_current_user))"}, {"_type": "tag", "name": "router", "path": "/home/kavia/workspace/code-generation/rest-api-modernized/app/routers/protected.py", "pattern": "/^router = APIRouter(tags=[\"Auth\"])$/", "language": "Python", "kind": "variable"}], "hash": "e9196ab14d02948122b05b8ddca89471", "format-version": 4, "code-base-name": "rest-api-modernized", "filename": "app/routers/protected.py", "fields": [{"name": "router = APIRouter(tags=[\"Auth\"])", "scope": "", "scopeKind": "", "description": "unavailable"}], "revision_history": [{"73": "51e2f0274e3519ee6277de5e8d3429874852c597"}]}