{"is_source_file": true, "format": "Python", "description": "SQLAlchemy ORM base model definitions.", "external_files": ["sqlalchemy.orm"], "external_methods": ["sqlalchemy.orm.DeclarativeBase"], "published": ["Base"], "classes": [{"name": "Base", "description": "Base class for all ORM models."}], "methods": [], "calls": [], "search-terms": ["SQLAlchemy", "DeclarativeBase", "ORM", "base class", "model definitions"], "state": 2, "file_id": 25, "knowledge_revision": 57, "git_revision": "58b461bfc615f334c45b6c70acd90c6a6bc8a9bd", "ctags": [{"_type": "tag", "name": "Base", "path": "/home/kavia/workspace/code-generation/rest-api-modernized/app/models/base.py", "pattern": "/^class Base(DeclarativeBase):$/", "language": "Python", "kind": "class"}], "hash": "d0cceb192b98c8e19dc4db982985ab1a", "format-version": 4, "code-base-name": "rest-api-modernized", "filename": "app/models/base.py", "revision_history": [{"57": "58b461bfc615f334c45b6c70acd90c6a6bc8a9bd"}]}