{"is_source_file": true, "format": "Python", "description": "This file provides logging configuration utilities for a service, including a function to set up logging levels and formats, and to configure uvicorn-specific log levels.", "external_files": ["logging"], "external_methods": ["logging.basicConfig", "logging.getLogger"], "published": ["configure_logging"], "classes": [], "methods": [{"name": "None configure_logging(log_level: str, *, uvicorn_log_level: Optional[str] = None)", "description": "Configures the application's logging system with specified log levels, including optional configuration of uvicorn's loggers.", "scope": "", "scopeKind": ""}], "calls": ["getattr", "logging.basicConfig", "logging.getLogger"], "search-terms": ["configure_logging", "logging configuration", "uvicorn log level", "logging setup", "logging utilities"], "state": 2, "file_id": 7, "knowledge_revision": 31, "git_revision": "4dc4d88eee8c9438c2ef9a85e8fc703d5d88f50e", "ctags": [{"_type": "tag", "name": "configure_logging", "path": "/home/kavia/workspace/code-generation/rest-api-modernized/app/core/logging.py", "pattern": "/^def configure_logging(log_level: str, *, uvicorn_log_level: Optional[str] = None) -> None:$/", "language": "Python", "typeref": "typename:None", "kind": "function", "signature": "(log_level: str, *, uvicorn_log_level: Optional[str] = None)"}], "hash": "9d132bd9a8df40c3b29e526892afcf16", "format-version": 4, "code-base-name": "rest-api-modernized", "filename": "app/core/logging.py", "revision_history": [{"31": "4dc4d88eee8c9438c2ef9a85e8fc703d5d88f50e"}]}