{"is_source_file": true, "format": "Python", "description": "This file contains common helper functions and shared models used across the project.", "external_files": [], "external_methods": [], "published": [], "classes": [], "methods": [], "calls": [], "search-terms": ["common_helpers", "shared_models", "__init__.py"], "state": 2, "file_id": 11, "knowledge_revision": 35, "git_revision": "4dc4d88eee8c9438c2ef9a85e8fc703d5d88f50e", "ctags": [], "hash": "386b7e216d4474723105c0a83e40787e", "format-version": 4, "code-base-name": "rest-api-modernized", "filename": "app/common/__init__.py", "revision_history": [{"35": "4dc4d88eee8c9438c2ef9a85e8fc703d5d88f50e"}]}