{"is_source_file": true, "format": "Python", "description": "Main entry point for the FastAPI-based REST API application, defining app initialization, middleware, routes, and mounting.", "external_files": ["app.api.routes", "app.core.config", "app.core.logging", "app.middleware.correlation", "app.openapi.metadata", "app.routers.health", "app.routers.info"], "external_methods": ["get_settings", "configure_logging"], "published": ["app", "service_root"], "classes": [], "methods": ["_parse_cors_origins"], "calls": ["get_settings", "configure_logging", "app.add_middleware", "app.include_router", "app.mount", "service_root"], "search-terms": ["FastAPI", "app", "middleware", "routes", "health", "config", "logging", "correlation", "OPENAPI_TAGS", "API_PREFIX"], "state": 2, "file_id": 19, "knowledge_revision": 25, "git_revision": "4dc4d88eee8c9438c2ef9a85e8fc703d5d88f50e", "ctags": [{"_type": "tag", "name": "_parse_cors_origins", "path": "/home/kavia/workspace/code-generation/rest-api-modernized/app/main.py", "pattern": "/^def _parse_cors_origins(origins: List[str]) -> List[str]:$/", "language": "Python", "typeref": "typename:List[str]", "kind": "function", "signature": "(origins: List[str])"}, {"_type": "tag", "name": "api_app", "path": "/home/kavia/workspace/code-generation/rest-api-modernized/app/main.py", "pattern": "/^api_app = FastAPI($/", "language": "Python", "kind": "variable"}, {"_type": "tag", "name": "api_routes_router", "path": "/home/kavia/workspace/code-generation/rest-api-modernized/app/main.py", "pattern": "/^from app.api.routes import router as api_routes_router$/", "language": "Python", "kind": "unknown", "nameref": "unknown:router"}, {"_type": "tag", "name": "app", "path": "/home/kavia/workspace/code-generation/rest-api-modernized/app/main.py", "pattern": "/^app = FastAPI($/", "language": "Python", "kind": "variable"}, {"_type": "tag", "name": "cors_origins", "path": "/home/kavia/workspace/code-generation/rest-api-modernized/app/main.py", "pattern": "/^cors_origins = _parse_cors_origins(settings.BACKEND_CORS_ORIGINS)$/", "language": "Python", "kind": "variable"}, {"_type": "tag", "name": "health_router", "path": "/home/kavia/workspace/code-generation/rest-api-modernized/app/main.py", "pattern": "/^from app.routers.health import router as health_router$/", "language": "Python", "kind": "unknown", "nameref": "unknown:router"}, {"_type": "tag", "name": "info_router", "path": "/home/kavia/workspace/code-generation/rest-api-modernized/app/main.py", "pattern": "/^from app.routers.info import router as info_router$/", "language": "Python", "kind": "unknown", "nameref": "unknown:router"}, {"_type": "tag", "name": "service_root", "path": "/home/kavia/workspace/code-generation/rest-api-modernized/app/main.py", "pattern": "/^async def service_root() -> Dict[str, Any]:$/", "language": "Python", "typeref": "typename:Dict[str,Any]", "kind": "function", "signature": "()"}, {"_type": "tag", "name": "settings", "path": "/home/kavia/workspace/code-generation/rest-api-modernized/app/main.py", "pattern": "/^settings = get_settings()$/", "language": "Python", "kind": "variable"}], "hash": "b99f6cd45e6b99c529b47dae9a1fd558", "format-version": 4, "code-base-name": "rest-api-modernized", "filename": "app/main.py"}