{"is_source_file": true, "format": "Python", "description": "This file appears to be the initializer for the application's package, providing documentation about the modernized REST API implemented with FastAPI.", "external_files": [], "external_methods": [], "published": [], "classes": [], "methods": [], "calls": [], "search-terms": ["__init__.py", "rest-api", "FastAPI", "application package"], "state": 2, "file_id": 2, "knowledge_revision": 11, "git_revision": "4dc4d88eee8c9438c2ef9a85e8fc703d5d88f50e", "ctags": [], "hash": "5a394cce30a151993c5621eea2434edc", "format-version": 4, "code-base-name": "rest-api-modernized", "filename": "app/__init__.py", "revision_history": [{"11": "4dc4d88eee8c9438c2ef9a85e8fc703d5d88f50e"}]}