{"is_source_file": true, "format": "Python", "description": "This file appears to provide core application utilities such as settings and logging functionalities.", "external_files": [], "external_methods": [], "published": [], "classes": [], "methods": [], "calls": [], "search-terms": ["core", "utilities", "settings", "logging", "__init__"], "state": 2, "file_id": 5, "knowledge_revision": 29, "git_revision": "4dc4d88eee8c9438c2ef9a85e8fc703d5d88f50e", "ctags": [], "hash": "ba50083c49b59afa8354ab8a58be9228", "format-version": 4, "code-base-name": "rest-api-modernized", "filename": "app/core/__init__.py", "revision_history": [{"29": "4dc4d88eee8c9438c2ef9a85e8fc703d5d88f50e"}]}