{"is_source_file": true, "format": "Python", "description": "Source file defining protected API endpoints in a FastAPI application, requiring user authentication and role-based access control.", "external_files": ["app.auth.dependencies", "app.common.errors"], "external_methods": ["get_current_user", "require_roles", "COMMON_ERROR_RESPONSES"], "published": ["/me", "/protected", "/protected/admin"], "classes": [], "methods": [{"name": "Dict[str,Any] me(user: AuthenticatedUser = Security(get_current_user))", "description": "Endpoint to retrieve current authenticated user's basic identity information.", "scope": "", "scopeKind": ""}, {"name": "Dict[str,Any] protected_example(user: AuthenticatedUser = Security(get_current_user))", "description": "Endpoint to provide identity info for authenticated user, protected by bearer token.", "scope": "", "scopeKind": ""}, {"name": "Dict[str,Any] protected_admin_example( user: AuthenticatedUser = Depends(require_roles([\"admin\", \"realm-admin\"])), )", "description": "Role-protected endpoint accessible only to users with specified roles.", "scope": "", "scopeKind": ""}], "calls": ["Security(get_current_user)", "require_roles(['admin', 'realm-admin'])"], "search-terms": ["FastAPI", "protected endpoints", "OIDC access token", "user authentication", "role-based access control"], "state": 2, "file_id": 34, "knowledge_revision": 75, "git_revision": "2f138bff749f10b53a0f8b62224e1e45a159135e", "revision_history": [{"73": "51e2f0274e3519ee6277de5e8d3429874852c597"}, {"75": "2f138bff749f10b53a0f8b62224e1e45a159135e"}], "ctags": [{"_type": "tag", "name": "me", "path": "/home/kavia/workspace/code-generation/rest-api-modernized/app/routers/protected.py", "pattern": "/^async def me(user: AuthenticatedUser = Security(get_current_user)) -> Dict[str, Any]:$/", "language": "Python", "typeref": "typename:Dict[str,Any]", "kind": "function", "signature": "(user: AuthenticatedUser = Security(get_current_user))"}, {"_type": "tag", "name": "protected_admin_example", "path": "/home/kavia/workspace/code-generation/rest-api-modernized/app/routers/protected.py", "pattern": "/^async def protected_admin_example($/", "language": "Python", "typeref": "typename:Dict[str,Any]", "kind": "function", "signature": "( user: AuthenticatedUser = Depends(require_roles([\"admin\", \"realm-admin\"])), )"}, {"_type": "tag", "name": "protected_example", "path": "/home/kavia/workspace/code-generation/rest-api-modernized/app/routers/protected.py", "pattern": "/^async def protected_example(user: AuthenticatedUser = Security(get_current_user)) -> Dict[str, A/", "language": "Python", "typeref": "typename:Dict[str,Any]", "kind": "function", "signature": "(user: AuthenticatedUser = Security(get_current_user))"}, {"_type": "tag", "name": "router", "path": "/home/kavia/workspace/code-generation/rest-api-modernized/app/routers/protected.py", "pattern": "/^router = APIRouter(tags=[\"Auth\"])$/", "language": "Python", "kind": "variable"}], "hash": "f39d4448a7976651f13a0f0ec76a4e7a", "format-version": 4, "code-base-name": "rest-api-modernized", "filename": "app/routers/protected.py", "fields": [{"name": "router = APIRouter(tags=[\"Auth\"])", "scope": "", "scopeKind": "", "description": "unavailable"}]}