{"is_source_file": true, "format": "Python", "description": "This is an initialization (__init__.py) file for the authentication package in a Python project. It likely contains package-level docstring or setup code related to authentication functionalities such as OIDC discovery, JWKS caching, and FastAPI authentication dependencies.", "external_files": [], "external_methods": [], "published": [], "classes": [], "methods": [], "calls": [], "search-terms": ["auth", "OIDC discovery", "JWKS caching", "FastAPI auth dependencies", "__init__.py"], "state": 2, "file_id": 33, "knowledge_revision": 72, "git_revision": "51e2f0274e3519ee6277de5e8d3429874852c597", "ctags": [], "hash": "134701dbd9c8d7cbe0f4cdb62ee5abd6", "format-version": 4, "code-base-name": "rest-api-modernized", "filename": "app/auth/__init__.py", "revision_history": [{"72": "51e2f0274e3519ee6277de5e8d3429874852c597"}]}