{"is_source_file": true, "format": "Python", "description": "This file defines top-level API routes for a FastAPI application, including root and info endpoints.", "external_files": ["fastapi"], "external_methods": ["APIRouter"], "published": ["router"], "classes": [], "methods": ["api_root", "api_info"], "calls": ["datetime.now"], "search-terms": ["APIRouter", "/api/routes.py", "FastAPI routes", "API root endpoint", "service info"], "state": 2, "file_id": 4, "knowledge_revision": 8, "git_revision": "", "ctags": [{"_type": "tag", "name": "api_info", "path": "/home/kavia/workspace/code-generation/rest-api-modernized/app/api/routes.py", "pattern": "/^async def api_info() -> Dict[str, Any]:$/", "language": "Python", "typeref": "typename:Dict[str,Any]", "kind": "function", "signature": "()"}, {"_type": "tag", "name": "api_root", "path": "/home/kavia/workspace/code-generation/rest-api-modernized/app/api/routes.py", "pattern": "/^async def api_root() -> Dict[str, Any]:$/", "language": "Python", "typeref": "typename:Dict[str,Any]", "kind": "function", "signature": "()"}, {"_type": "tag", "name": "router", "path": "/home/kavia/workspace/code-generation/rest-api-modernized/app/api/routes.py", "pattern": "/^router = APIRouter(tags=[\"Root\"])$/", "language": "Python", "kind": "variable"}], "hash": "4015e010c5610e90731e40c2b73f60e4", "format-version": 4, "code-base-name": "rest-api-modernized", "filename": "app/api/routes.py"}