{"is_source_file": true, "format": "Python", "description": "This file defines protected API endpoints for an authentication system using FastAPI. It includes endpoints for retrieving current user info, general protected access, and admin-only access, all requiring valid Bearer tokens and role checks.", "external_files": ["app.auth.dependencies", "app.common.errors"], "external_methods": ["get_current_user", "require_roles"], "published": ["me", "protected_example", "protected_admin_example"], "classes": [], "methods": [{"name": "Dict[str,Any] me(user: AuthenticatedUser = Security(get_current_user))", "description": "Returns information about the currently authenticated user derived from the Bearer token.", "scope": "", "scopeKind": ""}, {"name": "Dict[str,Any] protected_example(user: AuthenticatedUser = Security(get_current_user))", "description": "Returns basic identity information of the authenticated user for testing protected access.", "scope": "", "scopeKind": ""}, {"name": "Dict[str,Any] protected_admin_example( user: AuthenticatedUser = Depends(require_roles([\"admin\", \"realm-admin\"])), )", "description": "Returns a confirmation response for users with admin roles, demonstrating role-based protection.", "scope": "", "scopeKind": ""}], "calls": ["Security", "Depends", "get_current_user", "require_roles"], "search-terms": ["protected endpoints", "OIDC access token", "FastAPI APIRouter", "user roles", "admin role protection"], "state": 2, "file_id": 34, "knowledge_revision": 78, "git_revision": "ac244c573ee69c92dd8ff8571658ce97ccbd030b", "revision_history": [{"73": "51e2f0274e3519ee6277de5e8d3429874852c597"}, {"75": "2f138bff749f10b53a0f8b62224e1e45a159135e"}, {"78": "ac244c573ee69c92dd8ff8571658ce97ccbd030b"}], "ctags": [{"_type": "tag", "name": "me", "path": "/home/kavia/workspace/code-generation/rest-api-modernized/app/routers/protected.py", "pattern": "/^async def me(user: AuthenticatedUser = Security(get_current_user)) -> Dict[str, Any]:$/", "language": "Python", "typeref": "typename:Dict[str,Any]", "kind": "function", "signature": "(user: AuthenticatedUser = Security(get_current_user))"}, {"_type": "tag", "name": "protected_admin_example", "path": "/home/kavia/workspace/code-generation/rest-api-modernized/app/routers/protected.py", "pattern": "/^async def protected_admin_example($/", "language": "Python", "typeref": "typename:Dict[str,Any]", "kind": "function", "signature": "( user: AuthenticatedUser = Depends(require_roles([\"admin\", \"realm-admin\"])), )"}, {"_type": "tag", "name": "protected_example", "path": "/home/kavia/workspace/code-generation/rest-api-modernized/app/routers/protected.py", "pattern": "/^async def protected_example(user: AuthenticatedUser = Security(get_current_user)) -> Dict[str, A/", "language": "Python", "typeref": "typename:Dict[str,Any]", "kind": "function", "signature": "(user: AuthenticatedUser = Security(get_current_user))"}, {"_type": "tag", "name": "router", "path": "/home/kavia/workspace/code-generation/rest-api-modernized/app/routers/protected.py", "pattern": "/^router = APIRouter(tags=[\"Auth\"])$/", "language": "Python", "kind": "variable"}], "hash": "d99a7fc0800bca3666069c33386a4f22", "format-version": 4, "code-base-name": "rest-api-modernized", "filename": "app/routers/protected.py", "fields": [{"name": "router = APIRouter(tags=[\"Auth\"])", "scope": "", "scopeKind": "", "description": "unavailable"}]}