{"is_source_file": true, "format": "Python", "description": "This file is an initialization script for the API layer package, primarily serving as a placeholder or documentation for the API layer which includes routers aggregation and versioning.", "external_files": [], "external_methods": [], "published": [], "classes": [], "methods": [], "calls": [], "search-terms": ["api", "routers", "versioning", "init"], "state": 2, "file_id": 3, "knowledge_revision": 24, "git_revision": "4dc4d88eee8c9438c2ef9a85e8fc703d5d88f50e", "ctags": [], "hash": "6cde0432873e897ce23be578245bc4d0", "format-version": 4, "code-base-name": "rest-api-modernized", "filename": "app/api/__init__.py", "revision_history": [{"24": "4dc4d88eee8c9438c2ef9a85e8fc703d5d88f50e"}]}