{"is_source_file": true, "format": "Python", "description": "This file initializes the 'models' package for the ORM, importing domain models so that Alembic can discover database schema metadata.", "external_files": ["app/models/base.py", "app/models/domain.py"], "external_methods": [], "published": ["Project", "Task", "Vulnerability"], "classes": [], "methods": [], "calls": ["app.models.domain.Project", "app.models.domain.Task", "app.models.domain.Vulnerability"], "search-terms": ["ORM models package", "Alembic", "metadata discovery", "app/models/base", "app/models/domain", "import"], "state": 2, "file_id": 24, "knowledge_revision": 81, "git_revision": "ac244c573ee69c92dd8ff8571658ce97ccbd030b", "ctags": [], "hash": "7b9789b7ab772e3c3c71ae4de2bbfcd3", "format-version": 4, "code-base-name": "rest-api-modernized", "filename": "app/models/__init__.py", "revision_history": [{"81": "ac244c573ee69c92dd8ff8571658ce97ccbd030b"}]}