{"is_source_file": true, "format": "Python", "description": "This file defines custom exception classes for domain-layer error handling in a Python project.", "external_files": [], "external_methods": [], "published": ["NotFoundError"], "classes": [{"name": "NotFoundError", "description": "Custom exception raised when a requested entity does not exist."}], "methods": [], "calls": [], "search-terms": ["errors", "exceptions", "NotFoundError", "domain layer"], "state": 2, "file_id": 37, "knowledge_revision": 93, "git_revision": "ac244c573ee69c92dd8ff8571658ce97ccbd030b", "ctags": [{"_type": "tag", "name": "NotFoundError", "path": "/home/kavia/workspace/code-generation/rest-api-modernized/app/domain/errors.py", "pattern": "/^class NotFoundError(Exception):$/", "language": "Python", "kind": "class"}], "hash": "f13cc8077c2670170b781e1dfd056749", "format-version": 4, "code-base-name": "rest-api-modernized", "filename": "app/domain/errors.py", "revision_history": [{"93": "ac244c573ee69c92dd8ff8571658ce97ccbd030b"}]}