{"is_source_file": false, "format": "", "description": "", "external_files": [], "external_methods": [], "published": [], "classes": [], "methods": [], "calls": [], "search-terms": [], "state": 2, "file_id": 16, "knowledge_revision": 40, "git_revision": "4dc4d88eee8c9438c2ef9a85e8fc703d5d88f50e", "ctags": [], "hash": "49ad11b7bcbc1f29c65c94f67a259ff1", "format-version": 4, "code-base-name": "rest-api-modernized", "filename": "app/routers/__init__.py", "revision_history": [{"40": "4dc4d88eee8c9438c2ef9a85e8fc703d5d88f50e"}]}