{"is_source_file": true, "format": "Python", "description": "This file defines application configuration settings loaded from environment variables, using Pydantic's BaseSettings. It includes configuration parameters such as app name, version, API prefix, CORS origins, log level, and placeholders for database and authentication URLs.", "external_files": ["pydantic", "pydantic_settings"], "external_methods": ["pydantic.Field", "pydantic_settings.BaseSettings", "pydantic_settings.SettingsConfigDict", "get_settings"], "published": ["get_settings"], "classes": [{"name": "Settings", "description": "A Pydantic model class that encapsulates application configuration loaded from environment variables."}], "methods": [{"name": "Settings get_settings()", "description": "Returns a singleton instance of Settings, initializing it if necessary.", "scope": "", "scopeKind": ""}], "calls": ["Settings()", "Field()", "get_settings()"], "search-terms": ["application configuration", "pydantic settings", "environment variables", "app config"], "state": 2, "file_id": 6, "knowledge_revision": 30, "git_revision": "4dc4d88eee8c9438c2ef9a85e8fc703d5d88f50e", "ctags": [{"_type": "tag", "name": "API_PREFIX", "path": "/home/kavia/workspace/code-generation/rest-api-modernized/app/core/config.py", "pattern": "/^    API_PREFIX: str = Field(default=\"\\/api\", description=\"Base path prefix for API routes.\")$/", "language": "Python", "typeref": "typename:str", "kind": "variable", "scope": "Settings", "scopeKind": "class"}, {"_type": "tag", "name": "APP_NAME", "path": "/home/kavia/workspace/code-generation/rest-api-modernized/app/core/config.py", "pattern": "/^    APP_NAME: str = Field(default=\"rest-api-modernized\", description=\"Human-friendly service nam/", "language": "Python", "typeref": "typename:str", "kind": "variable", "scope": "Settings", "scopeKind": "class"}, {"_type": "tag", "name": "APP_VERSION", "path": "/home/kavia/workspace/code-generation/rest-api-modernized/app/core/config.py", "pattern": "/^    APP_VERSION: str = Field(default=\"0.1.0\", description=\"Service version string.\")$/", "language": "Python", "typeref": "typename:str", "kind": "variable", "scope": "Settings", "scopeKind": "class"}, {"_type": "tag", "name": "BACKEND_CORS_ORIGINS", "path": "/home/kavia/workspace/code-generation/rest-api-modernized/app/core/config.py", "pattern": "/^    BACKEND_CORS_ORIGINS: List[str] = Field($/", "language": "Python", "typeref": "typename:List[str]", "kind": "variable", "scope": "Settings", "scopeKind": "class"}, {"_type": "tag", "name": "DATABASE_URL", "path": "/home/kavia/workspace/code-generation/rest-api-modernized/app/core/config.py", "pattern": "/^    DATABASE_URL: str = Field($/", "language": "Python", "typeref": "typename:str", "kind": "variable", "scope": "Settings", "scopeKind": "class"}, {"_type": "tag", "name": "KEYCLOAK_AUDIENCE", "path": "/home/kavia/workspace/code-generation/rest-api-modernized/app/core/config.py", "pattern": "/^    KEYCLOAK_AUDIENCE: str = Field($/", "language": "Python", "typeref": "typename:str", "kind": "variable", "scope": "Settings", "scopeKind": "class"}, {"_type": "tag", "name": "KEYCLOAK_ISSUER_URL", "path": "/home/kavia/workspace/code-generation/rest-api-modernized/app/core/config.py", "pattern": "/^    KEYCLOAK_ISSUER_URL: str = Field($/", "language": "Python", "typeref": "typename:str", "kind": "variable", "scope": "Settings", "scopeKind": "class"}, {"_type": "tag", "name": "LOG_LEVEL", "path": "/home/kavia/workspace/code-generation/rest-api-modernized/app/core/config.py", "pattern": "/^    LOG_LEVEL: str = Field(default=\"INFO\", description=\"Python logging level (e.g., INFO, DEBUG)/", "language": "Python", "typeref": "typename:str", "kind": "variable", "scope": "Settings", "scopeKind": "class"}, {"_type": "tag", "name": "Settings", "path": "/home/kavia/workspace/code-generation/rest-api-modernized/app/core/config.py", "pattern": "/^class Settings(BaseSettings):$/", "language": "Python", "kind": "class"}, {"_type": "tag", "name": "get_settings", "path": "/home/kavia/workspace/code-generation/rest-api-modernized/app/core/config.py", "pattern": "/^def get_settings() -> Settings:$/", "language": "Python", "typeref": "typename:Settings", "kind": "function", "signature": "()"}, {"_type": "tag", "name": "model_config", "path": "/home/kavia/workspace/code-generation/rest-api-modernized/app/core/config.py", "pattern": "/^    model_config = SettingsConfigDict($/", "language": "Python", "kind": "variable", "scope": "Settings", "scopeKind": "class"}], "hash": "6fcb29d2617203ff111604450d721447", "format-version": 4, "code-base-name": "rest-api-modernized", "filename": "app/core/config.py", "fields": [{"name": "str API_PREFIX", "scope": "Settings", "scopeKind": "class", "description": "unavailable"}, {"name": "str APP_NAME", "scope": "Settings", "scopeKind": "class", "description": "unavailable"}, {"name": "str APP_VERSION", "scope": "Settings", "scopeKind": "class", "description": "unavailable"}, {"name": "List[str] BACKEND_CORS_ORIGINS", "scope": "Settings", "scopeKind": "class", "description": "unavailable"}, {"name": "str DATABASE_URL", "scope": "Settings", "scopeKind": "class", "description": "unavailable"}, {"name": "str KEYCLOAK_AUDIENCE", "scope": "Settings", "scopeKind": "class", "description": "unavailable"}, {"name": "str KEYCLOAK_ISSUER_URL", "scope": "Settings", "scopeKind": "class", "description": "unavailable"}, {"name": "str LOG_LEVEL", "scope": "Settings", "scopeKind": "class", "description": "unavailable"}, {"name": "model_config = SettingsConfigDict(", "scope": "Settings", "scopeKind": "class", "description": "unavailable"}], "revision_history": [{"30": "4dc4d88eee8c9438c2ef9a85e8fc703d5d88f50e"}]}