{"is_source_file": true, "format": "Python", "description": "This file contains Pydantic schema definitions for core domain resources such as projects, tasks, and vulnerabilities, including request/response models and related metadata.", "external_files": ["pydantic", "datetime", "typing", "uuid"], "external_methods": ["pydantic.BaseModel", "pydantic.Field"], "published": ["ListResponse", "ProjectBase", "ProjectCreate", "ProjectUpdate", "ProjectRead", "TaskBase", "TaskCreate", "TaskUpdate", "TaskRead", "VulnerabilityBase", "VulnerabilityCreate", "VulnerabilityUpdate", "VulnerabilityRead"], "classes": [{"name": "ListResponse", "description": "A generic response envelope for paginated lists, containing items, total count, and pagination parameters."}, {"name": "ProjectBase", "description": "Base schema for project data, including name and optional description."}, {"name": "ProjectCreate", "description": "Schema for creating a new project, inherits from ProjectBase."}, {"name": "ProjectUpdate", "description": "Schema for updating a project with optional fields."}, {"name": "ProjectRead", "description": "Schema for reading project data, includes metadata like ID and timestamps, config for ORM attribute mapping."}, {"name": "TaskBase", "description": "Base schema for task data, including project association, title, description, and status."}, {"name": "TaskCreate", "description": "Schema for creating a new task, inherits from TaskBase."}, {"name": "TaskUpdate", "description": "Schema for updating a task with optional fields."}, {"name": "TaskRead", "description": "Schema for reading task data, includes metadata like ID and timestamps; config for ORM attribute mapping."}, {"name": "VulnerabilityBase", "description": "Base schema for vulnerability data, including project association, title, description, severity, and status."}, {"name": "VulnerabilityCreate", "description": "Schema for creating a vulnerability, inherits from VulnerabilityBase."}, {"name": "VulnerabilityUpdate", "description": "Schema for updating vulnerability data with optional fields."}, {"name": "VulnerabilityRead", "description": "Schema for reading vulnerability data, includes identifiers and timestamps; config for ORM attribute mapping."}], "methods": [], "calls": [], "search-terms": ["schemas.py", "Pydantic schemas", "core domain resources", "project data schemas", "task data schemas", "vulnerability data schemas", "pagination", "UUID", "datetime"], "state": 2, "file_id": 38, "knowledge_revision": 94, "git_revision": "ac244c573ee69c92dd8ff8571658ce97ccbd030b", "ctags": [{"_type": "tag", "name": "Config", "path": "/home/kavia/workspace/code-generation/rest-api-modernized/app/domain/schemas.py", "pattern": "/^    class Config:$/", "language": "Python", "kind": "class", "scope": "ProjectRead", "scopeKind": "class"}, {"_type": "tag", "name": "Config", "path": "/home/kavia/workspace/code-generation/rest-api-modernized/app/domain/schemas.py", "pattern": "/^    class Config:$/", "language": "Python", "kind": "class", "scope": "TaskRead", "scopeKind": "class"}, {"_type": "tag", "name": "Config", "path": "/home/kavia/workspace/code-generation/rest-api-modernized/app/domain/schemas.py", "pattern": "/^    class Config:$/", "language": "Python", "kind": "class", "scope": "VulnerabilityRead", "scopeKind": "class"}, {"_type": "tag", "name": "ListResponse", "path": "/home/kavia/workspace/code-generation/rest-api-modernized/app/domain/schemas.py", "pattern": "/^class ListResponse(BaseModel, Generic[T]):$/", "language": "Python", "kind": "class"}, {"_type": "tag", "name": "ProjectBase", "path": "/home/kavia/workspace/code-generation/rest-api-modernized/app/domain/schemas.py", "pattern": "/^class ProjectBase(BaseModel):$/", "language": "Python", "kind": "class"}, {"_type": "tag", "name": "ProjectCreate", "path": "/home/kavia/workspace/code-generation/rest-api-modernized/app/domain/schemas.py", "pattern": "/^class ProjectCreate(ProjectBase):$/", "language": "Python", "kind": "class"}, {"_type": "tag", "name": "ProjectRead", "path": "/home/kavia/workspace/code-generation/rest-api-modernized/app/domain/schemas.py", "pattern": "/^class ProjectRead(ProjectBase):$/", "language": "Python", "kind": "class"}, {"_type": "tag", "name": "ProjectUpdate", "path": "/home/kavia/workspace/code-generation/rest-api-modernized/app/domain/schemas.py", "pattern": "/^class ProjectUpdate(BaseModel):$/", "language": "Python", "kind": "class"}, {"_type": "tag", "name": "T", "path": "/home/kavia/workspace/code-generation/rest-api-modernized/app/domain/schemas.py", "pattern": "/^T = TypeVar(\"T\")$/", "language": "Python", "kind": "variable"}, {"_type": "tag", "name": "TaskBase", "path": "/home/kavia/workspace/code-generation/rest-api-modernized/app/domain/schemas.py", "pattern": "/^class TaskBase(BaseModel):$/", "language": "Python", "kind": "class"}, {"_type": "tag", "name": "TaskCreate", "path": "/home/kavia/workspace/code-generation/rest-api-modernized/app/domain/schemas.py", "pattern": "/^class TaskCreate(TaskBase):$/", "language": "Python", "kind": "class"}, {"_type": "tag", "name": "TaskRead", "path": "/home/kavia/workspace/code-generation/rest-api-modernized/app/domain/schemas.py", "pattern": "/^class TaskRead(TaskBase):$/", "language": "Python", "kind": "class"}, {"_type": "tag", "name": "TaskUpdate", "path": "/home/kavia/workspace/code-generation/rest-api-modernized/app/domain/schemas.py", "pattern": "/^class TaskUpdate(BaseModel):$/", "language": "Python", "kind": "class"}, {"_type": "tag", "name": "VulnerabilityBase", "path": "/home/kavia/workspace/code-generation/rest-api-modernized/app/domain/schemas.py", "pattern": "/^class VulnerabilityBase(BaseModel):$/", "language": "Python", "kind": "class"}, {"_type": "tag", "name": "VulnerabilityCreate", "path": "/home/kavia/workspace/code-generation/rest-api-modernized/app/domain/schemas.py", "pattern": "/^class VulnerabilityCreate(VulnerabilityBase):$/", "language": "Python", "kind": "class"}, {"_type": "tag", "name": "VulnerabilityRead", "path": "/home/kavia/workspace/code-generation/rest-api-modernized/app/domain/schemas.py", "pattern": "/^class VulnerabilityRead(VulnerabilityBase):$/", "language": "Python", "kind": "class"}, {"_type": "tag", "name": "VulnerabilityUpdate", "path": "/home/kavia/workspace/code-generation/rest-api-modernized/app/domain/schemas.py", "pattern": "/^class VulnerabilityUpdate(BaseModel):$/", "language": "Python", "kind": "class"}, {"_type": "tag", "name": "created_at", "path": "/home/kavia/workspace/code-generation/rest-api-modernized/app/domain/schemas.py", "pattern": "/^    created_at: datetime = Field(..., description=\"Creation timestamp (UTC).\")$/", "language": "Python", "typeref": "typename:datetime", "kind": "variable", "scope": "ProjectRead", "scopeKind": "class"}, {"_type": "tag", "name": "created_at", "path": "/home/kavia/workspace/code-generation/rest-api-modernized/app/domain/schemas.py", "pattern": "/^    created_at: datetime = Field(..., description=\"Creation timestamp (UTC).\")$/", "language": "Python", "typeref": "typename:datetime", "kind": "variable", "scope": "TaskRead", "scopeKind": "class"}, {"_type": "tag", "name": "created_at", "path": "/home/kavia/workspace/code-generation/rest-api-modernized/app/domain/schemas.py", "pattern": "/^    created_at: datetime = Field(..., description=\"Creation timestamp (UTC).\")$/", "language": "Python", "typeref": "typename:datetime", "kind": "variable", "scope": "VulnerabilityRead", "scopeKind": "class"}, {"_type": "tag", "name": "description", "path": "/home/kavia/workspace/code-generation/rest-api-modernized/app/domain/schemas.py", "pattern": "/^    description: Optional[str] = Field(default=None, description=\"Project description.\")$/", "language": "Python", "typeref": "typename:Optional[str]", "kind": "variable", "scope": "ProjectBase", "scopeKind": "class"}, {"_type": "tag", "name": "description", "path": "/home/kavia/workspace/code-generation/rest-api-modernized/app/domain/schemas.py", "pattern": "/^    description: Optional[str] = Field(default=None, description=\"Project description.\")$/", "language": "Python", "typeref": "typename:Optional[str]", "kind": "variable", "scope": "ProjectUpdate", "scopeKind": "class"}, {"_type": "tag", "name": "description", "path": "/home/kavia/workspace/code-generation/rest-api-modernized/app/domain/schemas.py", "pattern": "/^    description: Optional[str] = Field(default=None, description=\"Task description.\")$/", "language": "Python", "typeref": "typename:Optional[str]", "kind": "variable", "scope": "TaskBase", "scopeKind": "class"}, {"_type": "tag", "name": "description", "path": "/home/kavia/workspace/code-generation/rest-api-modernized/app/domain/schemas.py", "pattern": "/^    description: Optional[str] = Field(default=None, description=\"Task description.\")$/", "language": "Python", "typeref": "typename:Optional[str]", "kind": "variable", "scope": "TaskUpdate", "scopeKind": "class"}, {"_type": "tag", "name": "description", "path": "/home/kavia/workspace/code-generation/rest-api-modernized/app/domain/schemas.py", "pattern": "/^    description: Optional[str] = Field(default=None, description=\"Vulnerability description.\")$/", "language": "Python", "typeref": "typename:Optional[str]", "kind": "variable", "scope": "VulnerabilityBase", "scopeKind": "class"}, {"_type": "tag", "name": "description", "path": "/home/kavia/workspace/code-generation/rest-api-modernized/app/domain/schemas.py", "pattern": "/^    description: Optional[str] = Field(default=None, description=\"Vulnerability description.\")$/", "language": "Python", "typeref": "typename:Optional[str]", "kind": "variable", "scope": "VulnerabilityUpdate", "scopeKind": "class"}, {"_type": "tag", "name": "from_attributes", "path": "/home/kavia/workspace/code-generation/rest-api-modernized/app/domain/schemas.py", "pattern": "/^        from_attributes = True$/", "language": "Python", "kind": "variable", "scope": "ProjectRead.Config", "scopeKind": "class"}, {"_type": "tag", "name": "from_attributes", "path": "/home/kavia/workspace/code-generation/rest-api-modernized/app/domain/schemas.py", "pattern": "/^        from_attributes = True$/", "language": "Python", "kind": "variable", "scope": "TaskRead.Config", "scopeKind": "class"}, {"_type": "tag", "name": "from_attributes", "path": "/home/kavia/workspace/code-generation/rest-api-modernized/app/domain/schemas.py", "pattern": "/^        from_attributes = True$/", "language": "Python", "kind": "variable", "scope": "VulnerabilityRead.Config", "scopeKind": "class"}, {"_type": "tag", "name": "id", "path": "/home/kavia/workspace/code-generation/rest-api-modernized/app/domain/schemas.py", "pattern": "/^    id: UUID = Field(..., description=\"Project id.\")$/", "language": "Python", "typeref": "typename:UUID", "kind": "variable", "scope": "ProjectRead", "scopeKind": "class"}, {"_type": "tag", "name": "id", "path": "/home/kavia/workspace/code-generation/rest-api-modernized/app/domain/schemas.py", "pattern": "/^    id: UUID = Field(..., description=\"Task id.\")$/", "language": "Python", "typeref": "typename:UUID", "kind": "variable", "scope": "TaskRead", "scopeKind": "class"}, {"_type": "tag", "name": "id", "path": "/home/kavia/workspace/code-generation/rest-api-modernized/app/domain/schemas.py", "pattern": "/^    id: UUID = Field(..., description=\"Vulnerability id.\")$/", "language": "Python", "typeref": "typename:UUID", "kind": "variable", "scope": "VulnerabilityRead", "scopeKind": "class"}, {"_type": "tag", "name": "items", "path": "/home/kavia/workspace/code-generation/rest-api-modernized/app/domain/schemas.py", "pattern": "/^    items: List[T] = Field(..., description=\"Page of items.\")$/", "language": "Python", "typeref": "typename:List[T]", "kind": "variable", "scope": "ListResponse", "scopeKind": "class"}, {"_type": "tag", "name": "limit", "path": "/home/kavia/workspace/code-generation/rest-api-modernized/app/domain/schemas.py", "pattern": "/^    limit: int = Field(..., ge=1, le=500, description=\"Requested page size.\")$/", "language": "Python", "typeref": "typename:int", "kind": "variable", "scope": "ListResponse", "scopeKind": "class"}, {"_type": "tag", "name": "name", "path": "/home/kavia/workspace/code-generation/rest-api-modernized/app/domain/schemas.py", "pattern": "/^    name: Optional[str] = Field(default=None, min_length=1, max_length=200, description=\"Project/", "language": "Python", "typeref": "typename:Optional[str]", "kind": "variable", "scope": "ProjectUpdate", "scopeKind": "class"}, {"_type": "tag", "name": "name", "path": "/home/kavia/workspace/code-generation/rest-api-modernized/app/domain/schemas.py", "pattern": "/^    name: str = Field(..., min_length=1, max_length=200, description=\"Project name.\")$/", "language": "Python", "typeref": "typename:str", "kind": "variable", "scope": "ProjectBase", "scopeKind": "class"}, {"_type": "tag", "name": "offset", "path": "/home/kavia/workspace/code-generation/rest-api-modernized/app/domain/schemas.py", "pattern": "/^    offset: int = Field(..., ge=0, description=\"Requested page offset.\")$/", "language": "Python", "typeref": "typename:int", "kind": "variable", "scope": "ListResponse", "scopeKind": "class"}, {"_type": "tag", "name": "project_id", "path": "/home/kavia/workspace/code-generation/rest-api-modernized/app/domain/schemas.py", "pattern": "/^    project_id: UUID = Field(..., description=\"Owning project id.\")$/", "language": "Python", "typeref": "typename:UUID", "kind": "variable", "scope": "TaskBase", "scopeKind": "class"}, {"_type": "tag", "name": "project_id", "path": "/home/kavia/workspace/code-generation/rest-api-modernized/app/domain/schemas.py", "pattern": "/^    project_id: UUID = Field(..., description=\"Owning project id.\")$/", "language": "Python", "typeref": "typename:UUID", "kind": "variable", "scope": "VulnerabilityBase", "scopeKind": "class"}, {"_type": "tag", "name": "severity", "path": "/home/kavia/workspace/code-generation/rest-api-modernized/app/domain/schemas.py", "pattern": "/^    severity: Optional[str] = Field(default=None, min_length=1, max_length=30, description=\"Seve/", "language": "Python", "typeref": "typename:Optional[str]", "kind": "variable", "scope": "VulnerabilityUpdate", "scopeKind": "class"}, {"_type": "tag", "name": "severity", "path": "/home/kavia/workspace/code-generation/rest-api-modernized/app/domain/schemas.py", "pattern": "/^    severity: str = Field($/", "language": "Python", "typeref": "typename:str", "kind": "variable", "scope": "VulnerabilityBase", "scopeKind": "class"}, {"_type": "tag", "name": "status", "path": "/home/kavia/workspace/code-generation/rest-api-modernized/app/domain/schemas.py", "pattern": "/^    status: Optional[str] = Field(default=None, min_length=1, max_length=50, description=\"Task s/", "language": "Python", "typeref": "typename:Optional[str]", "kind": "variable", "scope": "TaskUpdate", "scopeKind": "class"}, {"_type": "tag", "name": "status", "path": "/home/kavia/workspace/code-generation/rest-api-modernized/app/domain/schemas.py", "pattern": "/^    status: Optional[str] = Field(default=None, min_length=1, max_length=50, description=\"Vulner/", "language": "Python", "typeref": "typename:Optional[str]", "kind": "variable", "scope": "VulnerabilityUpdate", "scopeKind": "class"}, {"_type": "tag", "name": "status", "path": "/home/kavia/workspace/code-generation/rest-api-modernized/app/domain/schemas.py", "pattern": "/^    status: str = Field(default=\"open\", min_length=1, max_length=50, description=\"Task status.\")$/", "language": "Python", "typeref": "typename:str", "kind": "variable", "scope": "TaskBase", "scopeKind": "class"}, {"_type": "tag", "name": "status", "path": "/home/kavia/workspace/code-generation/rest-api-modernized/app/domain/schemas.py", "pattern": "/^    status: str = Field(default=\"open\", min_length=1, max_length=50, description=\"Vulnerability /", "language": "Python", "typeref": "typename:str", "kind": "variable", "scope": "VulnerabilityBase", "scopeKind": "class"}, {"_type": "tag", "name": "title", "path": "/home/kavia/workspace/code-generation/rest-api-modernized/app/domain/schemas.py", "pattern": "/^    title: Optional[str] = Field(default=None, min_length=1, max_length=200, description=\"Task t/", "language": "Python", "typeref": "typename:Optional[str]", "kind": "variable", "scope": "TaskUpdate", "scopeKind": "class"}, {"_type": "tag", "name": "title", "path": "/home/kavia/workspace/code-generation/rest-api-modernized/app/domain/schemas.py", "pattern": "/^    title: Optional[str] = Field(default=None, min_length=1, max_length=200, description=\"Vulner/", "language": "Python", "typeref": "typename:Optional[str]", "kind": "variable", "scope": "VulnerabilityUpdate", "scopeKind": "class"}, {"_type": "tag", "name": "title", "path": "/home/kavia/workspace/code-generation/rest-api-modernized/app/domain/schemas.py", "pattern": "/^    title: str = Field(..., min_length=1, max_length=200, description=\"Task title.\")$/", "language": "Python", "typeref": "typename:str", "kind": "variable", "scope": "TaskBase", "scopeKind": "class"}, {"_type": "tag", "name": "title", "path": "/home/kavia/workspace/code-generation/rest-api-modernized/app/domain/schemas.py", "pattern": "/^    title: str = Field(..., min_length=1, max_length=200, description=\"Vulnerability title.\")$/", "language": "Python", "typeref": "typename:str", "kind": "variable", "scope": "VulnerabilityBase", "scopeKind": "class"}, {"_type": "tag", "name": "total", "path": "/home/kavia/workspace/code-generation/rest-api-modernized/app/domain/schemas.py", "pattern": "/^    total: int = Field(..., ge=0, description=\"Total number of items matching the filter.\")$/", "language": "Python", "typeref": "typename:int", "kind": "variable", "scope": "ListResponse", "scopeKind": "class"}, {"_type": "tag", "name": "updated_at", "path": "/home/kavia/workspace/code-generation/rest-api-modernized/app/domain/schemas.py", "pattern": "/^    updated_at: datetime = Field(..., description=\"Last update timestamp (UTC).\")$/", "language": "Python", "typeref": "typename:datetime", "kind": "variable", "scope": "ProjectRead", "scopeKind": "class"}, {"_type": "tag", "name": "updated_at", "path": "/home/kavia/workspace/code-generation/rest-api-modernized/app/domain/schemas.py", "pattern": "/^    updated_at: datetime = Field(..., description=\"Last update timestamp (UTC).\")$/", "language": "Python", "typeref": "typename:datetime", "kind": "variable", "scope": "TaskRead", "scopeKind": "class"}, {"_type": "tag", "name": "updated_at", "path": "/home/kavia/workspace/code-generation/rest-api-modernized/app/domain/schemas.py", "pattern": "/^    updated_at: datetime = Field(..., description=\"Last update timestamp (UTC).\")$/", "language": "Python", "typeref": "typename:datetime", "kind": "variable", "scope": "VulnerabilityRead", "scopeKind": "class"}], "hash": "5c3e70537bf7bd555c13576eec3b0bf9", "format-version": 4, "code-base-name": "rest-api-modernized", "filename": "app/domain/schemas.py", "fields": [{"name": "T = TypeVar(\"T\")", "scope": "", "scopeKind": "", "description": "unavailable"}, {"name": "datetime created_at", "scope": "ProjectRead", "scopeKind": "class", "description": "unavailable"}, {"name": "Optional[str] description", "scope": "ProjectBase", "scopeKind": "class", "description": "unavailable"}, {"name": "from_attributes = True", "scope": "ProjectRead.Config", "scopeKind": "class", "description": "unavailable"}, {"name": "UUID id", "scope": "ProjectRead", "scopeKind": "class", "description": "unavailable"}, {"name": "List[T] items", "scope": "ListResponse", "scopeKind": "class", "description": "unavailable"}, {"name": "int limit", "scope": "ListResponse", "scopeKind": "class", "description": "unavailable"}, {"name": "Optional[str] name", "scope": "ProjectUpdate", "scopeKind": "class", "description": "unavailable"}, {"name": "str name", "scope": "ProjectBase", "scopeKind": "class", "description": "unavailable"}, {"name": "int offset", "scope": "ListResponse", "scopeKind": "class", "description": "unavailable"}, {"name": "UUID project_id", "scope": "TaskBase", "scopeKind": "class", "description": "unavailable"}, {"name": "Optional[str] severity", "scope": "VulnerabilityUpdate", "scopeKind": "class", "description": "unavailable"}, {"name": "str severity", "scope": "VulnerabilityBase", "scopeKind": "class", "description": "unavailable"}, {"name": "Optional[str] status", "scope": "TaskUpdate", "scopeKind": "class", "description": "unavailable"}, {"name": "str status", "scope": "TaskBase", "scopeKind": "class", "description": "unavailable"}, {"name": "Optional[str] title", "scope": "TaskUpdate", "scopeKind": "class", "description": "unavailable"}, {"name": "str title", "scope": "TaskBase", "scopeKind": "class", "description": "unavailable"}, {"name": "int total", "scope": "ListResponse", "scopeKind": "class", "description": "unavailable"}, {"name": "datetime updated_at", "scope": "ProjectRead", "scopeKind": "class", "description": "unavailable"}], "revision_history": [{"94": "ac244c573ee69c92dd8ff8571658ce97ccbd030b"}]}