{"is_source_file": true, "format": "Python", "description": "Core domain ORM models for projects, tasks, and vulnerabilities in a security engagement application.", "external_files": ["sqlalchemy", "app.models.base"], "external_methods": ["sqlalchemy.func.now()", "uuid.uuid4()"], "published": ["Project", "Task", "Vulnerability"], "classes": [{"name": "Project", "description": "Represents a security project (engagement), including its tasks and vulnerabilities."}, {"name": "Task", "description": "Represents a task within a project."}, {"name": "Vulnerability", "description": "Represents a vulnerability or finding within a project."}], "methods": [{"name": "project", "description": "Relationship to the Project class from Task and Vulnerability models."}, {"name": "tasks", "description": "Relationship to the Task class from the Project model."}, {"name": "vulnerabilities", "description": "Relationship to the Vulnerability class from the Project model."}], "calls": ["func.now()", "uuid.uuid4()"], "search-terms": ["domain models", "SQLAlchemy ORM", "project, task, vulnerability classes", "core models", "UUID primary keys"], "state": 2, "file_id": 36, "knowledge_revision": 92, "git_revision": "ac244c573ee69c92dd8ff8571658ce97ccbd030b", "ctags": [{"_type": "tag", "name": "Project", "path": "/home/kavia/workspace/code-generation/rest-api-modernized/app/models/domain.py", "pattern": "/^class Project(Base):$/", "language": "Python", "kind": "class"}, {"_type": "tag", "name": "Task", "path": "/home/kavia/workspace/code-generation/rest-api-modernized/app/models/domain.py", "pattern": "/^class Task(Base):$/", "language": "Python", "kind": "class"}, {"_type": "tag", "name": "Vulnerability", "path": "/home/kavia/workspace/code-generation/rest-api-modernized/app/models/domain.py", "pattern": "/^class Vulnerability(Base):$/", "language": "Python", "kind": "class"}, {"_type": "tag", "name": "__tablename__", "path": "/home/kavia/workspace/code-generation/rest-api-modernized/app/models/domain.py", "pattern": "/^    __tablename__ = \"projects\"$/", "file": true, "language": "Python", "kind": "variable", "scope": "Project", "scopeKind": "class"}, {"_type": "tag", "name": "__tablename__", "path": "/home/kavia/workspace/code-generation/rest-api-modernized/app/models/domain.py", "pattern": "/^    __tablename__ = \"tasks\"$/", "file": true, "language": "Python", "kind": "variable", "scope": "Task", "scopeKind": "class"}, {"_type": "tag", "name": "__tablename__", "path": "/home/kavia/workspace/code-generation/rest-api-modernized/app/models/domain.py", "pattern": "/^    __tablename__ = \"vulnerabilities\"$/", "file": true, "language": "Python", "kind": "variable", "scope": "Vulnerability", "scopeKind": "class"}, {"_type": "tag", "name": "created_at", "path": "/home/kavia/workspace/code-generation/rest-api-modernized/app/models/domain.py", "pattern": "/^    created_at: Mapped[datetime] = mapped_column($/", "language": "Python", "typeref": "typename:Mapped[datetime]", "kind": "variable", "scope": "Project", "scopeKind": "class"}, {"_type": "tag", "name": "created_at", "path": "/home/kavia/workspace/code-generation/rest-api-modernized/app/models/domain.py", "pattern": "/^    created_at: Mapped[datetime] = mapped_column($/", "language": "Python", "typeref": "typename:Mapped[datetime]", "kind": "variable", "scope": "Task", "scopeKind": "class"}, {"_type": "tag", "name": "created_at", "path": "/home/kavia/workspace/code-generation/rest-api-modernized/app/models/domain.py", "pattern": "/^    created_at: Mapped[datetime] = mapped_column($/", "language": "Python", "typeref": "typename:Mapped[datetime]", "kind": "variable", "scope": "Vulnerability", "scopeKind": "class"}, {"_type": "tag", "name": "description", "path": "/home/kavia/workspace/code-generation/rest-api-modernized/app/models/domain.py", "pattern": "/^    description: Mapped[Optional[str]] = mapped_column(Text, nullable=True)$/", "language": "Python", "typeref": "typename:Mapped[Optional[str]]", "kind": "variable", "scope": "Project", "scopeKind": "class"}, {"_type": "tag", "name": "description", "path": "/home/kavia/workspace/code-generation/rest-api-modernized/app/models/domain.py", "pattern": "/^    description: Mapped[Optional[str]] = mapped_column(Text, nullable=True)$/", "language": "Python", "typeref": "typename:Mapped[Optional[str]]", "kind": "variable", "scope": "Task", "scopeKind": "class"}, {"_type": "tag", "name": "description", "path": "/home/kavia/workspace/code-generation/rest-api-modernized/app/models/domain.py", "pattern": "/^    description: Mapped[Optional[str]] = mapped_column(Text, nullable=True)$/", "language": "Python", "typeref": "typename:Mapped[Optional[str]]", "kind": "variable", "scope": "Vulnerability", "scopeKind": "class"}, {"_type": "tag", "name": "id", "path": "/home/kavia/workspace/code-generation/rest-api-modernized/app/models/domain.py", "pattern": "/^    id: Mapped[uuid.UUID] = mapped_column(UUID(as_uuid=True), primary_key=True, default=uuid.uui/", "language": "Python", "typeref": "typename:Mapped[uuid.UUID]", "kind": "variable", "scope": "Project", "scopeKind": "class"}, {"_type": "tag", "name": "id", "path": "/home/kavia/workspace/code-generation/rest-api-modernized/app/models/domain.py", "pattern": "/^    id: Mapped[uuid.UUID] = mapped_column(UUID(as_uuid=True), primary_key=True, default=uuid.uui/", "language": "Python", "typeref": "typename:Mapped[uuid.UUID]", "kind": "variable", "scope": "Task", "scopeKind": "class"}, {"_type": "tag", "name": "id", "path": "/home/kavia/workspace/code-generation/rest-api-modernized/app/models/domain.py", "pattern": "/^    id: Mapped[uuid.UUID] = mapped_column(UUID(as_uuid=True), primary_key=True, default=uuid.uui/", "language": "Python", "typeref": "typename:Mapped[uuid.UUID]", "kind": "variable", "scope": "Vulnerability", "scopeKind": "class"}, {"_type": "tag", "name": "name", "path": "/home/kavia/workspace/code-generation/rest-api-modernized/app/models/domain.py", "pattern": "/^    name: Mapped[str] = mapped_column(String(200), nullable=False, index=True)$/", "language": "Python", "typeref": "typename:Mapped[str]", "kind": "variable", "scope": "Project", "scopeKind": "class"}, {"_type": "tag", "name": "project", "path": "/home/kavia/workspace/code-generation/rest-api-modernized/app/models/domain.py", "pattern": "/^    project: Mapped[Project] = relationship(back_populates=\"tasks\", lazy=\"selectin\")$/", "language": "Python", "typeref": "typename:Mapped[Project]", "kind": "variable", "scope": "Task", "scopeKind": "class"}, {"_type": "tag", "name": "project", "path": "/home/kavia/workspace/code-generation/rest-api-modernized/app/models/domain.py", "pattern": "/^    project: Mapped[Project] = relationship(back_populates=\"vulnerabilities\", lazy=\"selectin\")$/", "language": "Python", "typeref": "typename:Mapped[Project]", "kind": "variable", "scope": "Vulnerability", "scopeKind": "class"}, {"_type": "tag", "name": "project_id", "path": "/home/kavia/workspace/code-generation/rest-api-modernized/app/models/domain.py", "pattern": "/^    project_id: Mapped[uuid.UUID] = mapped_column($/", "language": "Python", "typeref": "typename:Mapped[uuid.UUID]", "kind": "variable", "scope": "Task", "scopeKind": "class"}, {"_type": "tag", "name": "project_id", "path": "/home/kavia/workspace/code-generation/rest-api-modernized/app/models/domain.py", "pattern": "/^    project_id: Mapped[uuid.UUID] = mapped_column($/", "language": "Python", "typeref": "typename:Mapped[uuid.UUID]", "kind": "variable", "scope": "Vulnerability", "scopeKind": "class"}, {"_type": "tag", "name": "severity", "path": "/home/kavia/workspace/code-generation/rest-api-modernized/app/models/domain.py", "pattern": "/^    severity: Mapped[str] = mapped_column(String(30), nullable=False, index=True, default=\"mediu/", "language": "Python", "typeref": "typename:Mapped[str]", "kind": "variable", "scope": "Vulnerability", "scopeKind": "class"}, {"_type": "tag", "name": "status", "path": "/home/kavia/workspace/code-generation/rest-api-modernized/app/models/domain.py", "pattern": "/^    status: Mapped[str] = mapped_column(String(50), nullable=False, index=True, default=\"open\")$/", "language": "Python", "typeref": "typename:Mapped[str]", "kind": "variable", "scope": "Task", "scopeKind": "class"}, {"_type": "tag", "name": "status", "path": "/home/kavia/workspace/code-generation/rest-api-modernized/app/models/domain.py", "pattern": "/^    status: Mapped[str] = mapped_column(String(50), nullable=False, index=True, default=\"open\")$/", "language": "Python", "typeref": "typename:Mapped[str]", "kind": "variable", "scope": "Vulnerability", "scopeKind": "class"}, {"_type": "tag", "name": "tasks", "path": "/home/kavia/workspace/code-generation/rest-api-modernized/app/models/domain.py", "pattern": "/^    tasks: Mapped[list[\"Task\"]] = relationship($/", "language": "Python", "typeref": "typename:Mapped[list[\"Task\"]]", "kind": "variable", "scope": "Project", "scopeKind": "class"}, {"_type": "tag", "name": "title", "path": "/home/kavia/workspace/code-generation/rest-api-modernized/app/models/domain.py", "pattern": "/^    title: Mapped[str] = mapped_column(String(200), nullable=False, index=True)$/", "language": "Python", "typeref": "typename:Mapped[str]", "kind": "variable", "scope": "Task", "scopeKind": "class"}, {"_type": "tag", "name": "title", "path": "/home/kavia/workspace/code-generation/rest-api-modernized/app/models/domain.py", "pattern": "/^    title: Mapped[str] = mapped_column(String(200), nullable=False, index=True)$/", "language": "Python", "typeref": "typename:Mapped[str]", "kind": "variable", "scope": "Vulnerability", "scopeKind": "class"}, {"_type": "tag", "name": "updated_at", "path": "/home/kavia/workspace/code-generation/rest-api-modernized/app/models/domain.py", "pattern": "/^    updated_at: Mapped[datetime] = mapped_column($/", "language": "Python", "typeref": "typename:Mapped[datetime]", "kind": "variable", "scope": "Project", "scopeKind": "class"}, {"_type": "tag", "name": "updated_at", "path": "/home/kavia/workspace/code-generation/rest-api-modernized/app/models/domain.py", "pattern": "/^    updated_at: Mapped[datetime] = mapped_column($/", "language": "Python", "typeref": "typename:Mapped[datetime]", "kind": "variable", "scope": "Task", "scopeKind": "class"}, {"_type": "tag", "name": "updated_at", "path": "/home/kavia/workspace/code-generation/rest-api-modernized/app/models/domain.py", "pattern": "/^    updated_at: Mapped[datetime] = mapped_column($/", "language": "Python", "typeref": "typename:Mapped[datetime]", "kind": "variable", "scope": "Vulnerability", "scopeKind": "class"}, {"_type": "tag", "name": "vulnerabilities", "path": "/home/kavia/workspace/code-generation/rest-api-modernized/app/models/domain.py", "pattern": "/^    vulnerabilities: Mapped[list[\"Vulnerability\"]] = relationship($/", "language": "Python", "typeref": "typename:Mapped[list[\"Vulnerability\"]]", "kind": "variable", "scope": "Project", "scopeKind": "class"}], "hash": "313b0279c8ae033028106e48eb2a60fe", "format-version": 4, "code-base-name": "rest-api-modernized", "filename": "app/models/domain.py", "fields": [{"name": "__tablename__ = \"projects\"", "scope": "Project", "scopeKind": "class", "description": "unavailable"}, {"name": "__tablename__ = \"tasks\"", "scope": "Task", "scopeKind": "class", "description": "unavailable"}, {"name": "__tablename__ = \"vulnerabilities\"", "scope": "Vulnerability", "scopeKind": "class", "description": "unavailable"}, {"name": "Mapped[datetime] created_at", "scope": "Project", "scopeKind": "class", "description": "unavailable"}, {"name": "Mapped[Optional[str]] description", "scope": "Project", "scopeKind": "class", "description": "unavailable"}, {"name": "Mapped[uuid.UUID] id", "scope": "Project", "scopeKind": "class", "description": "unavailable"}, {"name": "Mapped[str] name", "scope": "Project", "scopeKind": "class", "description": "unavailable"}, {"name": "Mapped[Project] project", "scope": "Task", "scopeKind": "class", "description": "unavailable"}, {"name": "Mapped[uuid.UUID] project_id", "scope": "Task", "scopeKind": "class", "description": "unavailable"}, {"name": "Mapped[str] severity", "scope": "Vulnerability", "scopeKind": "class", "description": "unavailable"}, {"name": "Mapped[str] status", "scope": "Task", "scopeKind": "class", "description": "unavailable"}, {"name": "Mapped[list[\"Task\"]] tasks", "scope": "Project", "scopeKind": "class", "description": "unavailable"}, {"name": "Mapped[str] title", "scope": "Task", "scopeKind": "class", "description": "unavailable"}, {"name": "Mapped[datetime] updated_at", "scope": "Project", "scopeKind": "class", "description": "unavailable"}, {"name": "Mapped[list[\"Vulnerability\"]] vulnerabilities", "scope": "Project", "scopeKind": "class", "description": "unavailable"}], "revision_history": [{"92": "ac244c573ee69c92dd8ff8571658ce97ccbd030b"}]}