{"is_source_file": true, "format": "Python", "description": "This is an __init__.py file within the 'models' package, mainly used to import domain ORM models such as Project, Task, and Vulnerability for Alembic's migration discovery. It acts as a package initializer and does not define additional classes or functions itself.", "external_files": ["app/models/domain.py"], "external_methods": [], "published": ["Project", "Task", "Vulnerability"], "classes": [], "methods": [], "calls": ["app.models.domain.Project", "app.models.domain.Task", "app.models.domain.Vulnerability"], "search-terms": ["ORM models package", "domain ORM models", "Alembic discover"], "state": 2, "file_id": 24, "knowledge_revision": 115, "git_revision": "ac244c573ee69c92dd8ff8571658ce97ccbd030b", "revision_history": [{"56": "58b461bfc615f334c45b6c70acd90c6a6bc8a9bd"}, {"115": "ac244c573ee69c92dd8ff8571658ce97ccbd030b"}], "ctags": [], "hash": "7b9789b7ab772e3c3c71ae4de2bbfcd3", "format-version": 4, "code-base-name": "rest-api-modernized", "filename": "app/models/__init__.py"}