{"is_source_file": false, "format": "", "description": "", "external_files": [], "external_methods": [], "published": [], "classes": [], "methods": [], "calls": [], "search-terms": [], "state": 2, "file_id": 24, "knowledge_revision": 56, "git_revision": "58b461bfc615f334c45b6c70acd90c6a6bc8a9bd", "ctags": [], "hash": "12fbc1c28084809855e79ef167ed21e1", "format-version": 4, "code-base-name": "rest-api-modernized", "filename": "app/models/__init__.py", "revision_history": [{"56": "58b461bfc615f334c45b6c70acd90c6a6bc8a9bd"}]}