{"is_source_file": true, "format": "Python", "description": "Package initializer for the database module, likely setting up async SQLAlchemy engine and session management, along with helper functions.", "external_files": [], "external_methods": [], "published": [], "classes": [], "methods": [], "calls": [], "search-terms": ["__init__.py", "database", "async SQLAlchemy", "engine", "session", "helpers"], "state": 2, "file_id": 22, "knowledge_revision": 54, "git_revision": "58b461bfc615f334c45b6c70acd90c6a6bc8a9bd", "ctags": [], "hash": "37797f708f8c607398cbd20cb9597ebf", "format-version": 4, "code-base-name": "rest-api-modernized", "filename": "app/db/__init__.py", "revision_history": [{"54": "58b461bfc615f334c45b6c70acd90c6a6bc8a9bd"}]}