{"is_source_file": false, "format": "", "description": "", "external_files": [], "external_methods": [], "published": [], "classes": [], "methods": [], "calls": [], "search-terms": [], "state": 2, "file_id": 9, "knowledge_revision": 33, "git_revision": "4dc4d88eee8c9438c2ef9a85e8fc703d5d88f50e", "ctags": [], "hash": "7ba4e3fc7649e837e600ca8623cbc250", "format-version": 4, "code-base-name": "rest-api-modernized", "filename": "app/middleware/__init__.py", "revision_history": [{"33": "4dc4d88eee8c9438c2ef9a85e8fc703d5d88f50e"}]}