{"is_source_file": true, "format": "Python", "description": "This file defines metadata related to the OpenAPI specification, specifically a list of tags with their respective descriptions used for categorizing and documenting API endpoints.", "external_files": [], "external_methods": [], "published": ["OPENAPI_TAGS"], "classes": [], "methods": [], "calls": [], "search-terms": ["OPENAPI_TAGS", "OpenAPI", "metadata", "tags", "description", "API documentation"], "state": 2, "file_id": 15, "knowledge_revision": 77, "git_revision": "51e2f0274e3519ee6277de5e8d3429874852c597", "revision_history": [{"39": "4dc4d88eee8c9438c2ef9a85e8fc703d5d88f50e"}, {"65": "51e2f0274e3519ee6277de5e8d3429874852c597"}, {"77": "51e2f0274e3519ee6277de5e8d3429874852c597"}], "ctags": [{"_type": "tag", "name": "OPENAPI_TAGS", "path": "/home/kavia/workspace/code-generation/rest-api-modernized/app/openapi/metadata.py", "pattern": "/^OPENAPI_TAGS = [$/", "language": "Python", "kind": "variable"}], "hash": "6b2a07d4586468cb3ebf28071ab1fbe0", "format-version": 4, "code-base-name": "rest-api-modernized", "filename": "app/openapi/metadata.py", "fields": [{"name": "OPENAPI_TAGS = [", "scope": "", "scopeKind": "", "description": "unavailable"}]}