{"is_source_file": true, "format": "Python", "description": "Defines OpenAPI metadata tags such as 'Root', 'Health', and 'Info' with their descriptions.", "external_files": [], "external_methods": [], "published": ["OPENAPI_TAGS"], "classes": [], "methods": [], "calls": [], "search-terms": ["OPENAPI_TAGS", "metadata", "OpenAPI", "tags", "descriptions"], "state": 2, "file_id": 15, "knowledge_revision": 39, "git_revision": "4dc4d88eee8c9438c2ef9a85e8fc703d5d88f50e", "ctags": [{"_type": "tag", "name": "OPENAPI_TAGS", "path": "/home/kavia/workspace/code-generation/rest-api-modernized/app/openapi/metadata.py", "pattern": "/^OPENAPI_TAGS = [$/", "language": "Python", "kind": "variable"}], "hash": "bf2d03e4dbaa0c836d102102051f29be", "format-version": 4, "code-base-name": "rest-api-modernized", "filename": "app/openapi/metadata.py", "fields": [{"name": "OPENAPI_TAGS = [", "scope": "", "scopeKind": "", "description": "unavailable"}], "revision_history": [{"39": "4dc4d88eee8c9438c2ef9a85e8fc703d5d88f50e"}]}