{"is_source_file": true, "format": "Python", "description": "This file provides an asynchronous dependency provider for database sessions in a FastAPI application, enabling injection of database session instances into API endpoints using dependency injection.", "external_files": ["app/db/session.py"], "external_methods": ["get_async_session"], "published": ["get_db_session"], "classes": [], "methods": [{"name": "AsyncIterator[AsyncSession] get_db_session()", "description": "An async generator function that yields an AsyncSession for database operations within FastAPI endpoints.", "scope": "", "scopeKind": ""}], "calls": ["get_async_session"], "search-terms": ["db.py", "database dependency", "FastAPI", "AsyncSession", "dependency injection"], "state": 2, "file_id": 26, "knowledge_revision": 58, "git_revision": "58b461bfc615f334c45b6c70acd90c6a6bc8a9bd", "ctags": [{"_type": "tag", "name": "get_db_session", "path": "/home/kavia/workspace/code-generation/rest-api-modernized/app/dependencies/db.py", "pattern": "/^async def get_db_session() -> AsyncIterator[AsyncSession]:$/", "language": "Python", "typeref": "typename:AsyncIterator[AsyncSession]", "kind": "function", "signature": "()"}], "hash": "9580e015684eee33ca1ab6e25af8cecf", "format-version": 4, "code-base-name": "rest-api-modernized", "filename": "app/dependencies/db.py", "revision_history": [{"58": "58b461bfc615f334c45b6c70acd90c6a6bc8a9bd"}]}