{"is_source_file": true, "file_id": 17, "git_revision": "4dc4d88eee8c9438c2ef9a85e8fc703d5d88f50e", "state": 1, "description": "", "external_files": [], "external_methods": [], "published": [], "classes": [], "methods": [], "calls": [], "search-terms": [], "ctags": [{"_type": "tag", "name": "health_check", "path": "/home/kavia/workspace/code-generation/rest-api-modernized/app/routers/health.py", "pattern": "/^async def health_check() -> Dict[str, str]:$/", "language": "Python", "typeref": "typename:Dict[str,str]", "kind": "function", "signature": "()"}, {"_type": "tag", "name": "router", "path": "/home/kavia/workspace/code-generation/rest-api-modernized/app/routers/health.py", "pattern": "/^router = APIRouter(tags=[\"Health\"])$/", "language": "Python", "kind": "variable"}], "format": "Python", "hash": "584d9ea627fb142fd1b66c7a5f40722d", "format-version": 4, "code-base-name": "rest-api-modernized", "filename": "app/routers/health.py", "knowledge_revision": 22}