{"is_source_file": true, "file_id": 18, "git_revision": "4dc4d88eee8c9438c2ef9a85e8fc703d5d88f50e", "state": 1, "description": "", "external_files": [], "external_methods": [], "published": [], "classes": [], "methods": [], "calls": [], "search-terms": [], "ctags": [{"_type": "tag", "name": "router", "path": "/home/kavia/workspace/code-generation/rest-api-modernized/app/routers/info.py", "pattern": "/^router = APIRouter(tags=[\"Info\"])$/", "language": "Python", "kind": "variable"}, {"_type": "tag", "name": "service_info", "path": "/home/kavia/workspace/code-generation/rest-api-modernized/app/routers/info.py", "pattern": "/^async def service_info(settings: Settings = Depends(get_settings)) -> Dict[str, Any]:$/", "language": "Python", "typeref": "typename:Dict[str,Any]", "kind": "function", "signature": "(settings: Settings = Depends(get_settings))"}], "format": "Python", "hash": "e1ce78e03fc0e2fb33c9f99165417a3b", "format-version": 4, "code-base-name": "rest-api-modernized", "filename": "app/routers/info.py", "knowledge_revision": 23}