{"is_source_file": true, "format": "Python", "description": "This file appears to be a Python __init__.py module related to dependency injection providers for a rest API project, currently containing only a placeholder docstring.", "external_files": [], "external_methods": [], "published": [], "classes": [], "methods": [], "calls": [], "search-terms": ["dependency injection", "providers", "rest API", "init"], "state": 2, "file_id": 8, "knowledge_revision": 32, "git_revision": "4dc4d88eee8c9438c2ef9a85e8fc703d5d88f50e", "ctags": [], "hash": "68b0373663dde4749db47408074e6896", "format-version": 4, "code-base-name": "rest-api-modernized", "filename": "app/dependencies/__init__.py", "revision_history": [{"32": "4dc4d88eee8c9438c2ef9a85e8fc703d5d88f50e"}]}