{"is_source_file": true, "format": "Python", "description": "Defines OpenAPI metadata tags including their names and descriptions for categorizing API endpoints.", "external_files": [], "external_methods": [], "published": ["OPENAPI_TAGS"], "classes": [], "methods": [], "calls": [], "search-terms": ["OPENAPI_TAGS", "metadata", "OpenAPI", "tags", "description"], "state": 2, "file_id": 15, "knowledge_revision": 65, "git_revision": "51e2f0274e3519ee6277de5e8d3429874852c597", "revision_history": [{"39": "4dc4d88eee8c9438c2ef9a85e8fc703d5d88f50e"}, {"65": "51e2f0274e3519ee6277de5e8d3429874852c597"}], "ctags": [{"_type": "tag", "name": "OPENAPI_TAGS", "path": "/home/kavia/workspace/code-generation/rest-api-modernized/app/openapi/metadata.py", "pattern": "/^OPENAPI_TAGS = [$/", "language": "Python", "kind": "variable"}], "hash": "a0ea898197397234167b4aa17f78c211", "format-version": 4, "code-base-name": "rest-api-modernized", "filename": "app/openapi/metadata.py", "fields": [{"name": "OPENAPI_TAGS = [", "scope": "", "scopeKind": "", "description": "unavailable"}]}