{"is_source_file": true, "format": "Python", "description": "This file defines the application configuration settings class using Pydantic for environment variable loading, including various app-specific configurations like app name, version, API prefix, CORS origins, logging level, server port, database URL, and OIDC authentication parameters.", "external_files": ["pydantic", "pydantic_settings"], "external_methods": ["pydantic.Field"], "published": ["get_settings"], "classes": [{"name": "Settings", "description": "A Pydantic BaseSettings subclass that loads and validates application configuration from environment variables."}], "methods": [{"name": "Settings get_settings()", "description": "Returns a singleton instance of the Settings class, caching it for the application lifetime.", "scope": "", "scopeKind": ""}], "calls": ["Settings()", "Field()"], "search-terms": ["app configuration", "environment variables", "Pydantic settings", "OIDC", "JWT", "settings singleton", "config class"], "state": 2, "file_id": 6, "knowledge_revision": 113, "git_revision": "0624eeb86618d3f04c3eb7f07ddcd4e20d3b27c8", "revision_history": [{"30": "4dc4d88eee8c9438c2ef9a85e8fc703d5d88f50e"}, {"64": "51e2f0274e3519ee6277de5e8d3429874852c597"}, {"113": "0624eeb86618d3f04c3eb7f07ddcd4e20d3b27c8"}], "ctags": [{"_type": "tag", "name": "API_PREFIX", "path": "/home/kavia/workspace/code-generation/rest-api-modernized/app/core/config.py", "pattern": "/^    API_PREFIX: str = Field(default=\"\\/api\", description=\"Base path prefix for API routes.\")$/", "language": "Python", "typeref": "typename:str", "kind": "variable", "scope": "Settings", "scopeKind": "class"}, {"_type": "tag", "name": "APP_NAME", "path": "/home/kavia/workspace/code-generation/rest-api-modernized/app/core/config.py", "pattern": "/^    APP_NAME: str = Field(default=\"rest-api-modernized\", description=\"Human-friendly service nam/", "language": "Python", "typeref": "typename:str", "kind": "variable", "scope": "Settings", "scopeKind": "class"}, {"_type": "tag", "name": "APP_VERSION", "path": "/home/kavia/workspace/code-generation/rest-api-modernized/app/core/config.py", "pattern": "/^    APP_VERSION: str = Field(default=\"0.1.0\", description=\"Service version string.\")$/", "language": "Python", "typeref": "typename:str", "kind": "variable", "scope": "Settings", "scopeKind": "class"}, {"_type": "tag", "name": "BACKEND_CORS_ORIGINS", "path": "/home/kavia/workspace/code-generation/rest-api-modernized/app/core/config.py", "pattern": "/^    BACKEND_CORS_ORIGINS: List[str] = Field($/", "language": "Python", "typeref": "typename:List[str]", "kind": "variable", "scope": "Settings", "scopeKind": "class"}, {"_type": "tag", "name": "DATABASE_URL", "path": "/home/kavia/workspace/code-generation/rest-api-modernized/app/core/config.py", "pattern": "/^    DATABASE_URL: str = Field($/", "language": "Python", "typeref": "typename:str", "kind": "variable", "scope": "Settings", "scopeKind": "class"}, {"_type": "tag", "name": "KEYCLOAK_AUDIENCE", "path": "/home/kavia/workspace/code-generation/rest-api-modernized/app/core/config.py", "pattern": "/^    KEYCLOAK_AUDIENCE: str = Field($/", "language": "Python", "typeref": "typename:str", "kind": "variable", "scope": "Settings", "scopeKind": "class"}, {"_type": "tag", "name": "KEYCLOAK_ISSUER_URL", "path": "/home/kavia/workspace/code-generation/rest-api-modernized/app/core/config.py", "pattern": "/^    KEYCLOAK_ISSUER_URL: str = Field($/", "language": "Python", "typeref": "typename:str", "kind": "variable", "scope": "Settings", "scopeKind": "class"}, {"_type": "tag", "name": "LOG_LEVEL", "path": "/home/kavia/workspace/code-generation/rest-api-modernized/app/core/config.py", "pattern": "/^    LOG_LEVEL: str = Field(default=\"INFO\", description=\"Python logging level (e.g., INFO, DEBUG)/", "language": "Python", "typeref": "typename:str", "kind": "variable", "scope": "Settings", "scopeKind": "class"}, {"_type": "tag", "name": "OIDC_AUDIENCE", "path": "/home/kavia/workspace/code-generation/rest-api-modernized/app/core/config.py", "pattern": "/^    OIDC_AUDIENCE: str = Field($/", "language": "Python", "typeref": "typename:str", "kind": "variable", "scope": "Settings", "scopeKind": "class"}, {"_type": "tag", "name": "OIDC_CACHE_TTL_SECONDS", "path": "/home/kavia/workspace/code-generation/rest-api-modernized/app/core/config.py", "pattern": "/^    OIDC_CACHE_TTL_SECONDS: int = Field($/", "language": "Python", "typeref": "typename:int", "kind": "variable", "scope": "Settings", "scopeKind": "class"}, {"_type": "tag", "name": "OIDC_CLIENT_ID", "path": "/home/kavia/workspace/code-generation/rest-api-modernized/app/core/config.py", "pattern": "/^    OIDC_CLIENT_ID: str = Field($/", "language": "Python", "typeref": "typename:str", "kind": "variable", "scope": "Settings", "scopeKind": "class"}, {"_type": "tag", "name": "OIDC_ISSUER_URL", "path": "/home/kavia/workspace/code-generation/rest-api-modernized/app/core/config.py", "pattern": "/^    OIDC_ISSUER_URL: str = Field($/", "language": "Python", "typeref": "typename:str", "kind": "variable", "scope": "Settings", "scopeKind": "class"}, {"_type": "tag", "name": "PORT", "path": "/home/kavia/workspace/code-generation/rest-api-modernized/app/core/config.py", "pattern": "/^    PORT: int = Field($/", "language": "Python", "typeref": "typename:int", "kind": "variable", "scope": "Settings", "scopeKind": "class"}, {"_type": "tag", "name": "Settings", "path": "/home/kavia/workspace/code-generation/rest-api-modernized/app/core/config.py", "pattern": "/^class Settings(BaseSettings):$/", "language": "Python", "kind": "class"}, {"_type": "tag", "name": "get_settings", "path": "/home/kavia/workspace/code-generation/rest-api-modernized/app/core/config.py", "pattern": "/^def get_settings() -> Settings:$/", "language": "Python", "typeref": "typename:Settings", "kind": "function", "signature": "()"}, {"_type": "tag", "name": "model_config", "path": "/home/kavia/workspace/code-generation/rest-api-modernized/app/core/config.py", "pattern": "/^    model_config = SettingsConfigDict($/", "language": "Python", "kind": "variable", "scope": "Settings", "scopeKind": "class"}], "hash": "1623bfcf06053d8d0b17b07da2d5ab67", "format-version": 4, "code-base-name": "rest-api-modernized", "filename": "app/core/config.py", "fields": [{"name": "str API_PREFIX", "scope": "Settings", "scopeKind": "class", "description": "unavailable"}, {"name": "str APP_NAME", "scope": "Settings", "scopeKind": "class", "description": "unavailable"}, {"name": "str APP_VERSION", "scope": "Settings", "scopeKind": "class", "description": "unavailable"}, {"name": "List[str] BACKEND_CORS_ORIGINS", "scope": "Settings", "scopeKind": "class", "description": "unavailable"}, {"name": "str DATABASE_URL", "scope": "Settings", "scopeKind": "class", "description": "unavailable"}, {"name": "str KEYCLOAK_AUDIENCE", "scope": "Settings", "scopeKind": "class", "description": "unavailable"}, {"name": "str KEYCLOAK_ISSUER_URL", "scope": "Settings", "scopeKind": "class", "description": "unavailable"}, {"name": "str LOG_LEVEL", "scope": "Settings", "scopeKind": "class", "description": "unavailable"}, {"name": "str OIDC_AUDIENCE", "scope": "Settings", "scopeKind": "class", "description": "unavailable"}, {"name": "int OIDC_CACHE_TTL_SECONDS", "scope": "Settings", "scopeKind": "class", "description": "unavailable"}, {"name": "str OIDC_CLIENT_ID", "scope": "Settings", "scopeKind": "class", "description": "unavailable"}, {"name": "str OIDC_ISSUER_URL", "scope": "Settings", "scopeKind": "class", "description": "unavailable"}, {"name": "int PORT", "scope": "Settings", "scopeKind": "class", "description": "unavailable"}, {"name": "model_config = SettingsConfigDict(", "scope": "Settings", "scopeKind": "class", "description": "unavailable"}]}