{"is_source_file": true, "format": "Python", "description": "This is the main entry point for a FastAPI-based REST API server, setting up the application, middleware, routes, and OpenAPI configuration.", "external_files": ["app.api.routes", "app.common.exception_handlers", "app.core.config", "app.core.logging", "app.middleware.correlation", "app.openapi.metadata", "app.routers.health", "app.routers.info", "app.routers.projects", "app.routers.protected", "app.routers.tasks", "app.routers.vulnerabilities"], "external_methods": ["get_settings", "configure_logging", "register_exception_handlers", "get_openapi"], "published": ["app", "service_root", "error_format_docs", "_custom_openapi"], "classes": [], "methods": [{"name": "List[str] _parse_cors_origins(origins: List[str])", "description": "Normalizes CORS origins list, removing empty strings and ensuring each origin is properly formatted.", "scope": "", "scopeKind": ""}, {"name": "Dict[str,Any] _custom_openapi()", "scope": "", "scopeKind": "", "description": "unavailable"}, {"name": "Dict[str,Any] error_format_docs()", "scope": "", "scopeKind": "", "description": "unavailable"}, {"name": "Dict[str,Any] service_root()", "scope": "", "scopeKind": "", "description": "unavailable"}], "calls": ["get_settings", "configure_logging", "register_exception_handlers", "get_openapi", "app.add_middleware", "app.include_router", "app.mount", "api_app.add_middleware", "api_app.include_router", "api_app.openapi", "api_app.openapi_schema", "api_app.openapi = _custom_openapi"], "search-terms": ["FastAPI main", "app setup", "API routing", "OpenAPI configuration", "middleware setup", "CORS configuration", "error handling", "service root endpoint"], "state": 2, "file_id": 19, "knowledge_revision": 103, "git_revision": "e6384165a844054d79619f77ee0d4e438cd1d35f", "revision_history": [{"89": "ac244c573ee69c92dd8ff8571658ce97ccbd030b"}, {"103": "e6384165a844054d79619f77ee0d4e438cd1d35f"}], "ctags": [{"_type": "tag", "name": "_custom_openapi", "path": "/home/kavia/workspace/code-generation/rest-api-modernized/app/main.py", "pattern": "/^def _custom_openapi() -> Dict[str, Any]:$/", "language": "Python", "typeref": "typename:Dict[str,Any]", "kind": "function", "signature": "()"}, {"_type": "tag", "name": "_parse_cors_origins", "path": "/home/kavia/workspace/code-generation/rest-api-modernized/app/main.py", "pattern": "/^def _parse_cors_origins(origins: List[str]) -> List[str]:$/", "language": "Python", "typeref": "typename:List[str]", "kind": "function", "signature": "(origins: List[str])"}, {"_type": "tag", "name": "api_app", "path": "/home/kavia/workspace/code-generation/rest-api-modernized/app/main.py", "pattern": "/^api_app = FastAPI($/", "language": "Python", "kind": "variable"}, {"_type": "tag", "name": "api_routes_router", "path": "/home/kavia/workspace/code-generation/rest-api-modernized/app/main.py", "pattern": "/^from app.api.routes import router as api_routes_router$/", "language": "Python", "kind": "unknown", "nameref": "unknown:router"}, {"_type": "tag", "name": "app", "path": "/home/kavia/workspace/code-generation/rest-api-modernized/app/main.py", "pattern": "/^app = FastAPI($/", "language": "Python", "kind": "variable"}, {"_type": "tag", "name": "cors_origins", "path": "/home/kavia/workspace/code-generation/rest-api-modernized/app/main.py", "pattern": "/^cors_origins = _parse_cors_origins(settings.BACKEND_CORS_ORIGINS)$/", "language": "Python", "kind": "variable"}, {"_type": "tag", "name": "error_format_docs", "path": "/home/kavia/workspace/code-generation/rest-api-modernized/app/main.py", "pattern": "/^async def error_format_docs() -> Dict[str, Any]:$/", "language": "Python", "typeref": "typename:Dict[str,Any]", "kind": "function", "signature": "()"}, {"_type": "tag", "name": "health_router", "path": "/home/kavia/workspace/code-generation/rest-api-modernized/app/main.py", "pattern": "/^from app.routers.health import router as health_router$/", "language": "Python", "kind": "unknown", "nameref": "unknown:router"}, {"_type": "tag", "name": "info_router", "path": "/home/kavia/workspace/code-generation/rest-api-modernized/app/main.py", "pattern": "/^from app.routers.info import router as info_router$/", "language": "Python", "kind": "unknown", "nameref": "unknown:router"}, {"_type": "tag", "name": "projects_router", "path": "/home/kavia/workspace/code-generation/rest-api-modernized/app/main.py", "pattern": "/^from app.routers.projects import router as projects_router$/", "language": "Python", "kind": "unknown", "nameref": "unknown:router"}, {"_type": "tag", "name": "protected_router", "path": "/home/kavia/workspace/code-generation/rest-api-modernized/app/main.py", "pattern": "/^from app.routers.protected import router as protected_router$/", "language": "Python", "kind": "unknown", "nameref": "unknown:router"}, {"_type": "tag", "name": "service_root", "path": "/home/kavia/workspace/code-generation/rest-api-modernized/app/main.py", "pattern": "/^async def service_root() -> Dict[str, Any]:$/", "language": "Python", "typeref": "typename:Dict[str,Any]", "kind": "function", "signature": "()"}, {"_type": "tag", "name": "settings", "path": "/home/kavia/workspace/code-generation/rest-api-modernized/app/main.py", "pattern": "/^settings = get_settings()$/", "language": "Python", "kind": "variable"}, {"_type": "tag", "name": "tasks_router", "path": "/home/kavia/workspace/code-generation/rest-api-modernized/app/main.py", "pattern": "/^from app.routers.tasks import router as tasks_router$/", "language": "Python", "kind": "unknown", "nameref": "unknown:router"}, {"_type": "tag", "name": "vulnerabilities_router", "path": "/home/kavia/workspace/code-generation/rest-api-modernized/app/main.py", "pattern": "/^from app.routers.vulnerabilities import router as vulnerabilities_router$/", "language": "Python", "kind": "unknown", "nameref": "unknown:router"}], "hash": "200677985f5c66ac6e1b981a44dbee11", "format-version": 4, "code-base-name": "rest-api-modernized", "filename": "app/main.py", "fields": [{"name": "api_app = FastAPI(", "scope": "", "scopeKind": "", "description": "unavailable"}, {"name": "app = FastAPI(", "scope": "", "scopeKind": "", "description": "unavailable"}, {"name": "cors_origins = _parse_cors_origins(settings.BACKEND_CORS_ORIGINS)", "scope": "", "scopeKind": "", "description": "unavailable"}, {"name": "settings = get_settings()", "scope": "", "scopeKind": "", "description": "unavailable"}]}