{"is_source_file": true, "file_id": 15, "git_revision": "4dc4d88eee8c9438c2ef9a85e8fc703d5d88f50e", "state": 1, "description": "", "external_files": [], "external_methods": [], "published": [], "classes": [], "methods": [], "calls": [], "search-terms": [], "ctags": [{"_type": "tag", "name": "OPENAPI_TAGS", "path": "/home/kavia/workspace/code-generation/rest-api-modernized/app/openapi/metadata.py", "pattern": "/^OPENAPI_TAGS = [$/", "language": "Python", "kind": "variable"}], "format": "Python", "hash": "bf2d03e4dbaa0c836d102102051f29be", "format-version": 4, "code-base-name": "rest-api-modernized", "filename": "app/openapi/metadata.py", "knowledge_revision": 20}