{"is_source_file": true, "format": "Python", "description": "This file contains helpers and metadata related to OpenAPI integration within the project.", "external_files": [], "external_methods": [], "published": [], "classes": [], "methods": [], "calls": [], "search-terms": ["openapi", "helpers", "metadata", "rest-api"], "state": 2, "file_id": 14, "knowledge_revision": 38, "git_revision": "4dc4d88eee8c9438c2ef9a85e8fc703d5d88f50e", "ctags": [], "hash": "32040f29ab323dc8968145fef92c1500", "format-version": 4, "code-base-name": "rest-api-modernized", "filename": "app/openapi/__init__.py", "revision_history": [{"38": "4dc4d88eee8c9438c2ef9a85e8fc703d5d88f50e"}]}