{"is_source_file": true, "format": "Python", "description": "This file defines common error response models and documentation helper functions for a FastAPI-based project, implementing RFC7807 Problem Details and reusable OpenAPI response schemas.", "external_files": ["pydantic", "typing"], "external_methods": ["pydantic.BaseModel", "pydantic.Field"], "published": ["problem_detail_example", "validation_problem_example", "COMMON_ERROR_RESPONSES"], "classes": [{"name": "ProblemDetail", "description": "A Pydantic model representing an RFC7807 Problem Details response, with optional extensions for validation errors."}], "methods": [{"name": "ProblemDetail problem_detail_example()", "description": "Returns a sample ProblemDetail instance representing a generic error, for OpenAPI documentation.", "scope": "", "scopeKind": ""}, {"name": "ProblemDetail validation_problem_example()", "description": "Returns a sample ProblemDetail instance representing a validation error, for OpenAPI documentation.", "scope": "", "scopeKind": ""}, {"name": "Dict[str,Any] _problem_content_schema()", "description": "Generates an OpenAPI content schema for application/problem+json.", "scope": "", "scopeKind": ""}, {"name": "Dict[str,Any] _problem_content_with_example(example: ProblemDetail)", "description": "Generates an OpenAPI content schema including a concrete example for documentation.", "scope": "", "scopeKind": ""}], "calls": ["problem_detail_example", "validation_problem_example", "ProblemDetail.model_json_schema", "example.model_dump"], "search-terms": ["RFC7807", "Problem Details", "OpenAPI response", "Error handling", "FastAPI", "common errors"], "state": 2, "file_id": 13, "knowledge_revision": 101, "git_revision": "e6384165a844054d79619f77ee0d4e438cd1d35f", "revision_history": [{"37": "4dc4d88eee8c9438c2ef9a85e8fc703d5d88f50e"}, {"101": "e6384165a844054d79619f77ee0d4e438cd1d35f"}], "ctags": [{"_type": "tag", "name": "COMMON_ERROR_RESPONSES", "path": "/home/kavia/workspace/code-generation/rest-api-modernized/app/common/errors.py", "pattern": "/^COMMON_ERROR_RESPONSES: Dict[int, Dict[str, Any]] = {$/", "language": "Python", "typeref": "typename:Dict[int, Dict[str, Any]]", "kind": "variable"}, {"_type": "tag", "name": "ProblemDetail", "path": "/home/kavia/workspace/code-generation/rest-api-modernized/app/common/errors.py", "pattern": "/^class ProblemDetail(BaseModel):$/", "language": "Python", "kind": "class"}, {"_type": "tag", "name": "_problem_content_schema", "path": "/home/kavia/workspace/code-generation/rest-api-modernized/app/common/errors.py", "pattern": "/^def _problem_content_schema() -> Dict[str, Any]:$/", "language": "Python", "typeref": "typename:Dict[str,Any]", "kind": "function", "signature": "()"}, {"_type": "tag", "name": "_problem_content_with_example", "path": "/home/kavia/workspace/code-generation/rest-api-modernized/app/common/errors.py", "pattern": "/^def _problem_content_with_example(example: ProblemDetail) -> Dict[str, Any]:$/", "language": "Python", "typeref": "typename:Dict[str,Any]", "kind": "function", "signature": "(example: ProblemDetail)"}, {"_type": "tag", "name": "detail", "path": "/home/kavia/workspace/code-generation/rest-api-modernized/app/common/errors.py", "pattern": "/^    detail: Optional[str] = Field($/", "language": "Python", "typeref": "typename:Optional[str]", "kind": "variable", "scope": "ProblemDetail", "scopeKind": "class"}, {"_type": "tag", "name": "errors", "path": "/home/kavia/workspace/code-generation/rest-api-modernized/app/common/errors.py", "pattern": "/^    errors: Optional[List[Dict[str, Any]]] = Field($/", "language": "Python", "typeref": "typename:Optional[List[Dict[str, Any]]]", "kind": "variable", "scope": "ProblemDetail", "scopeKind": "class"}, {"_type": "tag", "name": "instance", "path": "/home/kavia/workspace/code-generation/rest-api-modernized/app/common/errors.py", "pattern": "/^    instance: Optional[str] = Field($/", "language": "Python", "typeref": "typename:Optional[str]", "kind": "variable", "scope": "ProblemDetail", "scopeKind": "class"}, {"_type": "tag", "name": "problem_detail_example", "path": "/home/kavia/workspace/code-generation/rest-api-modernized/app/common/errors.py", "pattern": "/^def problem_detail_example() -> ProblemDetail:$/", "language": "Python", "typeref": "typename:ProblemDetail", "kind": "function", "signature": "()"}, {"_type": "tag", "name": "status", "path": "/home/kavia/workspace/code-generation/rest-api-modernized/app/common/errors.py", "pattern": "/^    status: int = Field(..., description=\"HTTP status code.\", examples=[422])$/", "language": "Python", "typeref": "typename:int", "kind": "variable", "scope": "ProblemDetail", "scopeKind": "class"}, {"_type": "tag", "name": "title", "path": "/home/kavia/workspace/code-generation/rest-api-modernized/app/common/errors.py", "pattern": "/^    title: str = Field($/", "language": "Python", "typeref": "typename:str", "kind": "variable", "scope": "ProblemDetail", "scopeKind": "class"}, {"_type": "tag", "name": "type", "path": "/home/kavia/workspace/code-generation/rest-api-modernized/app/common/errors.py", "pattern": "/^    type: str = Field($/", "language": "Python", "typeref": "typename:str", "kind": "variable", "scope": "ProblemDetail", "scopeKind": "class"}, {"_type": "tag", "name": "validation_problem_example", "path": "/home/kavia/workspace/code-generation/rest-api-modernized/app/common/errors.py", "pattern": "/^def validation_problem_example() -> ProblemDetail:$/", "language": "Python", "typeref": "typename:ProblemDetail", "kind": "function", "signature": "()"}], "hash": "28ba9bf7faa4a662fd6dda4f63429f27", "format-version": 4, "code-base-name": "rest-api-modernized", "filename": "app/common/errors.py", "fields": [{"name": "Dict[int, Dict[str, Any]] COMMON_ERROR_RESPONSES", "scope": "", "scopeKind": "", "description": "unavailable"}, {"name": "Optional[str] detail", "scope": "ProblemDetail", "scopeKind": "class", "description": "unavailable"}, {"name": "Optional[List[Dict[str, Any]]] errors", "scope": "ProblemDetail", "scopeKind": "class", "description": "unavailable"}, {"name": "Optional[str] instance", "scope": "ProblemDetail", "scopeKind": "class", "description": "unavailable"}, {"name": "int status", "scope": "ProblemDetail", "scopeKind": "class", "description": "unavailable"}, {"name": "str title", "scope": "ProblemDetail", "scopeKind": "class", "description": "unavailable"}, {"name": "str type", "scope": "ProblemDetail", "scopeKind": "class", "description": "unavailable"}]}