{"is_source_file": true, "format": "Python", "description": "This file defines a Pydantic model for pagination parameters used in API list endpoints, including limit and offset fields with validation and descriptions.", "external_files": ["pydantic"], "external_methods": ["pydantic.BaseModel", "pydantic.Field"], "published": ["PaginationParams"], "classes": [{"name": "PaginationParams", "description": "A Pydantic model representing pagination parameters with limit and offset fields, including validation constraints."}], "methods": [{"name": "PaginationParams.__init__", "description": "Constructor for PaginationParams, automatically generated by Pydantic based on class annotations."}], "calls": ["pydantic.Field", "pydantic.BaseModel"], "search-terms": ["pagination", "limit", "offset", "list endpoints", "parameters", "API", "pydantic model"], "state": 2, "file_id": 12, "knowledge_revision": 36, "git_revision": "4dc4d88eee8c9438c2ef9a85e8fc703d5d88f50e", "ctags": [{"_type": "tag", "name": "PaginationParams", "path": "/home/kavia/workspace/code-generation/rest-api-modernized/app/common/pagination.py", "pattern": "/^class PaginationParams(BaseModel):$/", "language": "Python", "kind": "class"}, {"_type": "tag", "name": "limit", "path": "/home/kavia/workspace/code-generation/rest-api-modernized/app/common/pagination.py", "pattern": "/^    limit: int = Field(default=50, ge=1, le=500, description=\"Maximum number of items to return./", "language": "Python", "typeref": "typename:int", "kind": "variable", "scope": "PaginationParams", "scopeKind": "class"}, {"_type": "tag", "name": "offset", "path": "/home/kavia/workspace/code-generation/rest-api-modernized/app/common/pagination.py", "pattern": "/^    offset: int = Field(default=0, ge=0, description=\"Number of items to skip before returning r/", "language": "Python", "typeref": "typename:int", "kind": "variable", "scope": "PaginationParams", "scopeKind": "class"}], "hash": "354746dbce3776e2158f5db6106f6801", "format-version": 4, "code-base-name": "rest-api-modernized", "filename": "app/common/pagination.py", "fields": [{"name": "int limit", "scope": "PaginationParams", "scopeKind": "class", "description": "unavailable"}, {"name": "int offset", "scope": "PaginationParams", "scopeKind": "class", "description": "unavailable"}], "revision_history": [{"36": "4dc4d88eee8c9438c2ef9a85e8fc703d5d88f50e"}]}