{"is_source_file": false, "format": "", "description": "", "external_files": [], "external_methods": [], "published": [], "classes": [], "methods": [], "calls": [], "search-terms": [], "state": 2, "file_id": 20, "knowledge_revision": 63, "git_revision": "58b461bfc615f334c45b6c70acd90c6a6bc8a9bd", "hash": "73c8f2cdb3a35b095e70c11bbc6f6ab8", "format-version": 4, "code-base-name": "rest-api-modernized", "filename": "pyproject.toml", "revision_history": [{"63": "58b461bfc615f334c45b6c70acd90c6a6bc8a9bd"}]}