{"is_source_file": false, "format": "", "description": "", "external_files": [], "external_methods": [], "published": [], "classes": [], "methods": [], "calls": [], "search-terms": [], "state": 2, "file_id": 20, "knowledge_revision": 43, "git_revision": "58b461bfc615f334c45b6c70acd90c6a6bc8a9bd", "hash": "228a7ceaf1a0ab1dfcf2f8e96848971d", "format-version": 4, "code-base-name": "rest-api-modernized", "filename": "pyproject.toml", "revision_history": [{"43": "58b461bfc615f334c45b6c70acd90c6a6bc8a9bd"}]}