{"is_source_file": false, "format": "", "description": "", "external_files": [], "external_methods": [], "published": [], "classes": [], "methods": [], "calls": [], "search-terms": [], "state": 2, "file_id": 20, "knowledge_revision": 110, "git_revision": "51e2f0274e3519ee6277de5e8d3429874852c597", "hash": "271a5a6ec51bbb02e409c49c852856b8", "format-version": 4, "code-base-name": "rest-api-modernized", "filename": "pyproject.toml", "revision_history": [{"110": "51e2f0274e3519ee6277de5e8d3429874852c597"}]}