{"is_source_file": false, "format": "", "description": "", "external_files": [], "external_methods": [], "published": [], "classes": [], "methods": [], "calls": [], "search-terms": [], "state": 2, "file_id": 1, "knowledge_revision": 28, "git_revision": "4dc4d88eee8c9438c2ef9a85e8fc703d5d88f50e", "hash": "fde2fe448a27ef2936e4ee19199e3836", "format-version": 4, "code-base-name": "rest-api-modernized", "filename": "readme.md", "revision_history": [{"28": "4dc4d88eee8c9438c2ef9a85e8fc703d5d88f50e"}]}