{"is_source_file": false, "format": "", "description": "", "external_files": [], "external_methods": [], "published": [], "classes": [], "methods": [], "calls": [], "search-terms": [], "state": 2, "file_id": 21, "knowledge_revision": 44, "git_revision": "4dc4d88eee8c9438c2ef9a85e8fc703d5d88f50e", "hash": "7e1f58c14879c149cf1e010e703469f1", "format-version": 4, "code-base-name": "rest-api-modernized", "filename": "README.md", "revision_history": [{"44": "4dc4d88eee8c9438c2ef9a85e8fc703d5d88f50e"}]}