{"is_source_file": false, "format": "", "description": "", "external_files": [], "external_methods": [], "published": [], "classes": [], "methods": [], "calls": [], "search-terms": [], "state": 2, "file_id": 21, "knowledge_revision": 111, "git_revision": "dbef38bcc603e353ea4e51971d3a387334d832e2", "hash": "a5d6486d67abdcf4d029b52846db8a84", "format-version": 4, "code-base-name": "rest-api-modernized", "filename": "README.md", "revision_history": [{"111": "dbef38bcc603e353ea4e51971d3a387334d832e2"}]}