{"is_source_file": false, "format": "", "description": "", "external_files": [], "external_methods": [], "published": [], "classes": [], "methods": [], "calls": [], "search-terms": [], "state": 2, "file_id": 21, "knowledge_revision": 76, "git_revision": "2f138bff749f10b53a0f8b62224e1e45a159135e", "hash": "47b2597a31d2bcc781bb5eb47df00e4c", "format-version": 4, "code-base-name": "rest-api-modernized", "filename": "README.md", "revision_history": [{"76": "2f138bff749f10b53a0f8b62224e1e45a159135e"}]}