{"is_source_file": false, "format": "", "description": "", "external_files": [], "external_methods": [], "published": [], "classes": [], "methods": [], "calls": [], "search-terms": [], "state": 2, "file_id": 21, "knowledge_revision": 114, "git_revision": "0624eeb86618d3f04c3eb7f07ddcd4e20d3b27c8", "hash": "52d7a6645e9328ce58c531cb4325e2ca", "format-version": 4, "code-base-name": "rest-api-modernized", "filename": "README.md", "revision_history": [{"114": "0624eeb86618d3f04c3eb7f07ddcd4e20d3b27c8"}]}